V01_RESPID,V07_PROVINCE,V08_SEX,V09_RURAL,V16_NUMPEOPLE,V17_PEOPLE18,V20_MARITAL,V21_MTHRTONGUE,V29_RESPEDUC,V30_RESPAGE,V36_TENURE,V43_SOCCLASS,V64_DRINK,V65_DRINK1,V68_DRINK8,V70_DRINKPROB,
1,6,2,4,2,2,2,1,3,70,1,2,3,9,9,1,
2,6,2,4,3,2,2,1,3,48,1,4,2,8,8,2,
3,6,2,4,1,1,3,1,1,78,2,1,2,8,8,1,
4,6,2,4,1,1,3,3,1,77,1,2,2,8,8,1,
5,6,2,4,5,2,2,1,4,29,1,5,2,8,8,1,
6,6,2,4,4,2,2,1,3,40,1,4,2,8,8,2,
7,6,1,2,5,2,2,3,3,43,1,3,1,0,0,2,
8,6,2,2,6,2,2,1,2,39,2,2,2,8,8,2,
9,6,2,2,3,2,2,1,4,51,1,8,1,4,0,2,
10,6,2,1,5,2,2,1,4,25,1,5,2,8,8,1,
11,6,2,2,2,2,2,3,9,45,1,5,2,8,8,2,
12,6,2,3,4,2,2,1,4,24,1,5,1,0,0,1,
13,6,1,3,2,2,1,1,2,52,1,6,1,1,0,2,
14,6,2,4,2,2,2,1,1,59,1,5,2,8,8,1,
15,6,2,4,2,2,1,1,2,45,1,3,1,0,0,2,
16,6,2,4,2,2,2,1,6,72,2,5,2,8,8,2,
17,6,2,4,4,3,1,1,7,18,1,5,2,8,8,1,
18,6,2,4,2,2,2,1,2,67,1,5,2,8,8,1,
19,6,2,4,1,1,3,1,1,73,1,5,2,8,8,2,
20,9,2,0,4,2,2,1,3,37,1,5,1,1,0,2,
21,9,1,0,2,2,2,1,3,68,1,5,2,8,8,1,
22,9,2,0,3,3,2,1,4,64,1,5,1,1,0,1,
23,9,2,0,2,2,2,1,8,48,1,4,2,8,8,1,
24,9,2,0,5,2,2,1,4,26,2,5,1,7,0,1,
25,9,1,0,6,3,1,1,3,20,1,5,1,2,0,1,
26,5,1,0,4,2,1,2,3,16,1,9,2,8,8,2,
27,5,1,0,4,2,2,2,4,45,1,9,1,7,0,1,
28,5,2,0,4,2,1,2,3,15,1,8,2,8,8,1,
29,5,1,0,2,2,2,2,8,38,1,9,1,0,0,2,
30,5,2,0,4,2,1,2,4,17,1,9,2,8,8,1,
31,5,2,0,5,4,1,2,3,17,1,8,2,8,8,1,
32,6,1,0,5,4,2,2,1,53,1,2,1,2,0,2,
33,6,1,0,6,4,1,1,3,19,1,4,1,6,0,1,
34,6,2,0,6,4,1,1,3,15,1,4,2,8,8,2,
35,6,2,0,1,1,3,1,1,78,1,2,1,2,0,2,
36,6,1,0,5,2,2,2,2,37,1,4,1,2,0,1,
37,6,2,0,5,2,2,1,3,28,1,4,1,0,0,2,
38,3,1,1,2,2,2,1,4,44,1,5,1,2,0,2,
39,3,1,1,2,2,2,1,4,62,1,5,1,7,0,2,
40,3,2,1,4,4,2,1,4,48,1,5,1,0,0,1,
41,3,1,3,4,2,2,1,4,44,1,5,1,0,0,1,
42,6,1,0,2,2,2,1,3,54,1,8,1,2,0,1,
43,6,1,0,2,2,2,2,2,80,1,5,1,1,0,2,
44,6,1,0,1,1,3,1,8,76,1,4,1,0,0,2,
45,6,1,0,2,2,2,1,4,69,1,5,1,5,0,2,
46,8,1,0,3,1,1,1,3,17,1,5,1,0,0,1,
47,8,2,0,4,1,3,1,3,75,2,4,2,8,8,1,
48,8,1,0,5,1,1,1,3,15,2,5,2,8,8,1,
49,8,2,0,3,3,1,2,8,24,2,5,1,1,0,1,
50,8,1,0,2,2,1,1,7,27,2,5,1,5,1,1,
51,8,2,0,3,3,2,1,4,55,1,5,1,2,0,2,
52,0,2,0,3,3,2,1,4,47,1,6,1,1,0,1,
53,0,2,0,4,4,1,1,4,18,1,4,2,8,8,1,
54,0,1,0,8,3,1,1,3,17,1,4,2,8,8,2,
55,0,1,0,8,3,1,1,7,20,1,4,1,1,0,1,
56,0,1,0,4,3,1,3,3,18,1,4,2,8,8,1,
57,0,2,0,2,2,3,1,4,57,1,4,2,8,8,2,
58,0,2,0,3,3,3,1,4,60,2,5,1,0,0,1,
59,0,1,0,3,2,2,1,4,27,2,5,2,8,8,1,
60,0,1,0,2,2,3,1,4,29,2,5,1,3,0,1,
61,0,2,0,1,1,3,1,4,53,2,5,1,0,0,1,
62,0,2,0,2,2,2,1,6,54,2,5,1,0,0,2,
63,0,1,0,4,2,2,2,4,28,2,5,1,1,0,1,
64,0,1,0,2,2,2,1,4,76,1,7,1,2,0,2,
65,0,2,0,5,2,2,1,4,33,1,8,1,1,0,1,
66,0,1,0,3,2,2,1,4,42,1,8,1,7,0,1,
67,0,1,0,4,2,2,1,4,40,1,6,1,2,0,1,
68,0,1,0,2,2,2,1,8,53,1,8,1,2,0,1,
69,4,1,1,3,3,1,1,3,29,2,3,1,1,0,1,
70,4,2,1,3,3,1,1,2,19,2,3,1,0,0,1,
71,4,2,3,5,2,2,1,3,33,2,4,1,3,0,1,
72,4,2,1,2,1,3,1,1,21,2,4,1,0,0,1,
73,4,1,1,2,2,2,2,3,32,1,5,1,2,0,2,
74,4,2,1,4,2,2,1,2,23,1,5,2,8,8,2,
75,4,1,1,5,3,2,1,3,58,1,3,1,2,0,1,
76,6,2,0,4,4,1,1,8,19,1,8,1,0,0,2,
77,6,2,0,2,2,3,1,8,40,1,5,2,8,8,1,
78,6,2,0,4,4,2,1,4,50,1,9,1,0,0,2,
79,6,1,0,2,2,2,1,3,71,1,4,1,0,0,2,
80,6,1,0,2,2,2,1,3,81,1,4,1,0,0,2,
81,6,2,0,3,3,1,1,3,66,1,6,1,0,0,2,
82,6,2,0,5,3,2,1,4,35,1,6,2,8,8,2,
83,6,1,0,1,1,3,1,3,36,2,4,1,1,0,1,
84,6,1,0,2,2,2,1,4,70,2,4,1,7,0,1,
85,6,2,0,5,2,2,1,1,31,1,6,1,0,0,2,
86,6,1,0,1,1,1,1,4,28,2,5,1,7,4,2,
87,6,1,0,3,3,1,2,3,24,2,3,1,7,2,1,
88,6,2,0,4,2,2,1,4,26,1,8,1,3,0,1,
89,6,1,0,6,2,2,2,4,45,1,8,2,8,8,1,
90,6,2,0,1,1,1,2,3,19,2,1,2,8,8,2,
91,6,1,0,2,2,1,3,4,47,2,5,1,7,0,1,
92,6,2,0,1,1,1,1,7,45,2,5,1,4,0,1,
93,6,2,0,1,1,1,3,5,27,2,4,1,2,0,2,
94,6,2,0,2,2,2,3,6,25,2,5,2,8,8,1,
95,6,2,0,1,1,1,1,4,38,2,5,1,4,0,1,
96,6,1,0,1,1,1,1,8,27,2,5,2,8,8,1,
97,6,2,0,1,1,3,1,4,43,2,5,1,4,0,1,
98,6,2,0,5,2,2,2,3,29,2,5,1,0,0,2,
99,6,2,0,3,3,3,1,3,52,2,3,1,0,0,1,
100,6,2,0,1,1,1,2,3,18,2,4,1,2,0,1,
101,6,1,0,2,2,2,3,4,22,2,5,1,0,0,1,
102,6,1,0,2,2,1,1,7,25,2,5,1,1,0,1,
103,6,2,0,2,2,1,1,7,71,1,3,2,8,8,2,
104,6,2,0,3,2,1,1,3,21,2,2,1,1,0,1,
105,6,1,0,2,2,2,1,4,22,2,3,1,3,0,1,
106,6,1,0,4,4,1,3,3,18,1,5,1,3,0,2,
107,6,2,0,2,2,2,1,4,29,1,8,1,1,0,1,
108,6,2,0,2,2,2,1,4,52,1,5,1,7,0,1,
109,6,1,0,2,2,2,1,2,72,1,3,1,1,0,1,
110,6,1,0,2,2,2,3,2,72,2,3,2,8,8,2,
111,6,2,0,2,2,2,1,4,21,2,4,1,3,0,1,
112,6,1,0,2,2,2,1,3,41,2,4,2,8,8,2,
113,6,2,0,2,2,2,1,4,25,2,3,1,3,0,2,
114,6,2,0,2,2,2,3,2,63,1,4,1,1,0,2,
115,0,1,0,1,1,3,3,7,35,2,7,1,7,2,1,
116,0,2,0,1,1,1,1,4,20,2,3,1,2,0,1,
117,0,1,0,1,1,1,1,4,22,2,2,1,1,0,1,
118,0,2,0,2,2,1,1,5,21,2,6,1,1,1,1,
119,0,2,0,2,2,2,1,7,32,2,6,1,1,0,2,
120,0,1,0,3,3,1,3,4,31,2,5,1,1,0,2,
121,0,1,0,4,3,2,3,5,41,2,5,1,7,0,2,
122,0,2,0,4,2,2,3,5,24,2,5,1,1,0,1,
123,0,1,0,3,3,3,1,5,28,2,5,1,3,0,1,
124,0,1,0,2,2,2,1,4,34,1,5,1,2,0,1,
125,0,1,0,3,2,2,1,3,20,2,5,1,3,0,1,
126,0,2,0,3,2,2,1,6,47,1,8,1,1,1,1,
127,0,1,0,2,2,2,1,3,55,1,6,2,8,8,1,
128,0,1,0,3,3,2,1,4,56,1,6,1,2,0,2,
129,0,1,0,3,2,1,1,4,39,1,8,1,3,0,1,
130,0,2,0,4,3,1,1,4,18,1,8,1,3,1,1,
131,0,1,0,3,3,1,1,8,23,1,8,1,3,0,2,
132,0,1,0,6,5,1,1,4,20,1,5,1,3,0,1,
133,0,1,0,4,3,1,1,6,19,1,5,1,1,0,1,
134,0,1,0,3,1,1,1,4,15,2,2,2,8,8,2,
135,0,1,0,4,2,2,1,4,28,1,6,1,1,0,1,
136,0,2,0,5,3,2,1,4,46,1,7,1,1,0,2,
137,0,2,0,3,2,1,1,4,18,1,4,1,2,0,1,
138,0,1,0,3,2,2,3,1,52,1,6,1,1,1,1,
139,0,2,0,5,2,2,1,3,38,1,5,1,4,0,1,
140,0,1,0,4,4,2,1,3,44,1,5,1,7,0,2,
141,0,1,0,4,2,2,1,7,29,1,6,1,2,1,1,
142,0,2,0,2,2,2,3,4,23,1,4,1,3,0,2,
143,0,1,0,2,2,1,1,4,27,1,5,1,3,0,2,
144,0,1,1,2,2,1,3,1,70,1,6,1,3,0,2,
145,0,1,1,2,2,2,3,3,72,1,7,2,8,8,2,
146,0,2,1,5,3,1,1,3,16,1,7,1,0,0,1,
147,0,2,1,5,2,1,1,3,15,1,6,2,8,8,2,
148,0,2,1,3,2,2,3,6,30,1,6,1,0,0,1,
149,0,2,1,1,1,3,1,3,71,1,7,2,8,8,2,
150,0,1,1,4,2,2,1,3,33,1,6,1,0,0,1,
151,0,2,2,9,2,2,3,3,32,2,4,1,0,0,2,
152,0,1,2,6,2,2,3,4,32,1,8,1,3,0,1,
153,0,1,2,8,3,2,3,2,57,1,7,2,8,8,2,
154,0,2,2,8,2,2,3,3,35,1,6,2,8,8,2,
155,0,2,2,3,2,2,3,3,23,2,5,1,0,0,2,
156,0,2,3,5,2,2,1,4,26,1,7,1,0,0,2,
157,0,1,1,2,2,2,1,2,64,1,6,1,1,0,2,
158,3,2,1,2,2,2,1,3,58,1,6,2,8,8,2,
159,3,2,1,2,2,2,1,3,58,1,5,2,8,8,2,
160,3,1,1,4,3,2,1,0,60,1,6,2,8,8,2,
161,3,2,1,4,2,2,1,3,54,1,5,2,8,8,2,
162,5,2,2,5,2,2,2,8,30,1,3,2,8,8,1,
163,5,2,3,3,2,2,2,1,20,1,1,2,8,8,2,
164,5,2,3,4,4,2,2,4,57,1,6,3,9,9,2,
165,5,1,3,4,3,2,2,1,68,1,1,2,8,8,2,
166,5,1,3,8,6,2,2,1,54,1,1,3,9,9,1,
167,5,2,1,5,3,2,2,4,39,1,3,3,9,9,2,
168,5,2,3,2,2,2,2,1,74,1,1,2,8,8,2,
169,6,1,0,2,2,2,1,6,66,1,6,2,8,8,2,
170,6,1,0,5,3,2,1,4,25,1,4,1,0,0,1,
171,6,2,0,8,6,1,2,3,18,1,5,1,0,0,1,
172,6,1,0,8,6,1,2,4,20,1,5,2,8,8,1,
173,6,2,0,6,4,2,2,1,52,1,5,1,1,0,1,
174,6,1,0,6,4,1,1,3,22,1,5,1,4,2,1,
175,6,1,0,2,2,2,1,2,48,1,4,1,7,0,2,
176,6,2,0,2,2,2,1,3,65,1,4,1,1,0,2,
177,6,1,0,2,2,2,1,3,28,1,3,1,0,0,2,
178,6,1,0,3,3,2,1,3,24,1,5,1,0,0,1,
179,6,1,0,3,2,2,1,3,18,2,1,1,0,0,2,
180,6,1,0,1,1,1,1,2,20,2,3,1,1,0,1,
181,6,1,0,2,2,2,1,4,60,1,3,2,8,8,1,
182,6,2,0,4,2,2,3,5,28,1,8,1,1,0,2,
183,6,2,0,4,2,2,1,4,30,1,5,2,8,8,1,
184,6,1,0,4,3,2,1,4,59,1,8,1,7,0,2,
185,6,2,0,4,2,2,1,4,33,1,8,1,3,0,1,
186,6,2,0,2,2,2,3,4,57,1,5,1,1,0,1,
187,6,1,0,3,3,2,1,3,64,2,5,1,0,0,2,
188,6,2,0,2,2,2,1,3,64,2,4,2,8,8,2,
189,6,2,0,1,1,1,1,7,35,2,4,1,2,0,2,
190,6,2,0,1,1,3,1,3,56,2,4,1,2,0,2,
191,6,2,0,1,1,1,2,7,38,2,4,1,2,0,1,
192,6,2,0,2,2,2,1,3,73,2,5,1,1,0,2,
193,6,2,0,4,4,2,1,1,42,1,7,1,1,0,1,
194,6,2,0,3,2,2,1,3,46,2,6,1,7,0,1,
195,6,2,0,3,3,2,1,7,60,1,8,1,4,0,2,
196,6,2,0,1,1,3,1,3,65,1,5,1,1,0,1,
197,6,1,0,2,2,2,1,7,59,1,8,1,1,0,1,
198,6,2,0,5,3,2,2,7,42,1,5,1,2,0,1,
199,8,2,0,2,2,2,3,2,65,1,3,1,0,0,2,
200,8,1,0,1,1,3,1,2,76,1,4,1,0,0,1,
201,8,1,0,2,2,2,3,2,70,1,4,1,1,0,1,
202,8,1,0,2,2,1,1,2,23,2,2,1,5,5,1,
203,8,2,0,3,3,2,3,2,63,1,5,1,0,0,1,
204,3,1,0,4,4,1,1,4,33,1,4,2,8,8,1,
205,3,2,0,2,2,2,1,3,70,1,4,2,8,8,2,
206,3,2,0,3,3,1,1,7,58,1,5,2,8,8,1,
207,3,1,0,7,4,1,1,3,16,1,4,2,8,8,1,
208,3,1,0,7,4,1,1,3,19,1,4,2,8,8,1,
209,6,2,0,4,2,2,1,3,28,2,2,1,0,0,2,
210,6,1,0,2,2,1,1,3,31,2,3,1,1,0,1,
211,6,1,0,2,2,2,1,6,35,2,2,2,8,8,2,
212,6,1,0,2,2,2,1,2,42,2,2,1,2,0,2,
213,6,2,0,4,2,1,1,3,16,2,2,2,8,8,2,
214,6,1,0,2,2,2,1,3,24,2,3,1,7,7,1,
215,6,1,0,1,1,1,1,3,53,2,3,1,3,0,2,
216,6,1,0,4,2,2,3,6,35,2,6,1,1,0,1,
217,6,2,0,4,4,2,1,4,52,1,5,1,1,0,1,
218,6,2,0,2,2,1,1,5,44,1,5,1,2,0,1,
219,6,2,0,3,2,2,1,5,66,1,4,1,0,0,2,
220,6,1,0,3,3,2,1,3,54,1,5,1,0,0,1,
221,6,2,0,2,2,2,1,4,65,2,5,1,0,0,2,
222,6,1,0,2,2,2,1,7,39,2,7,1,7,0,1,
223,6,2,0,4,3,2,1,4,47,2,6,1,1,0,1,
224,6,1,0,4,3,1,1,3,18,2,4,1,1,0,1,
225,6,1,0,4,2,2,1,3,33,2,4,1,2,0,1,
226,6,2,0,4,2,2,1,7,30,2,6,1,0,0,2,
227,6,1,0,3,3,1,1,7,23,1,5,2,8,8,1,
228,6,2,0,5,2,2,1,3,43,1,5,2,8,8,1,
229,6,1,0,5,2,2,3,3,30,1,5,1,2,0,2,
230,6,1,0,3,2,1,1,4,24,1,5,1,4,1,1,
231,6,2,0,5,2,2,1,3,40,1,5,1,2,0,1,
232,6,1,0,6,2,2,1,4,49,1,5,2,8,8,1,
233,7,1,3,2,2,3,3,1,82,1,2,2,8,8,2,
234,7,1,3,4,3,1,1,7,25,1,5,1,2,2,1,
235,7,1,2,3,2,2,3,4,72,1,4,2,8,8,2,
236,7,2,3,3,2,2,1,3,46,1,4,2,8,8,1,
237,7,1,3,2,2,2,3,2,51,1,4,1,1,0,2,
238,7,2,2,3,3,1,1,5,24,1,5,1,1,0,1,
239,7,1,2,3,3,2,3,1,59,1,5,1,2,0,1,
240,7,2,3,1,1,3,3,3,69,1,3,2,8,8,2,
241,7,2,2,4,2,2,3,3,38,1,5,1,2,0,1,
242,7,1,2,2,2,2,1,3,73,1,3,1,0,0,2,
243,7,2,2,5,2,2,1,7,36,1,8,1,0,0,1,
244,7,2,2,5,2,2,3,3,33,1,4,1,1,0,1,
245,7,2,2,2,2,2,1,3,47,1,4,1,0,0,1,
246,7,1,1,2,2,2,1,3,73,1,2,1,2,0,1,
247,7,1,1,4,2,2,2,3,37,1,7,1,1,0,1,
248,7,1,1,4,2,2,1,2,33,1,4,1,0,0,2,
249,7,1,1,1,1,3,3,1,80,1,2,1,1,0,1,
250,7,1,1,2,2,2,1,2,67,1,5,1,0,0,1,
251,7,1,1,2,2,2,1,2,52,1,4,1,2,0,1,
252,7,2,1,1,1,3,1,2,62,1,2,1,2,0,1,
253,7,1,1,3,3,2,3,2,65,1,4,1,1,0,1,
254,7,1,1,3,2,2,3,2,64,1,4,2,8,8,1,
255,7,2,1,6,2,2,1,3,26,1,5,1,1,0,2,
256,7,1,1,8,4,1,1,1,18,1,4,1,2,0,2,
257,7,1,1,8,4,3,1,1,83,1,4,2,8,8,2,
258,7,1,1,5,3,3,3,1,74,1,6,1,2,0,2,
259,7,1,1,4,2,2,1,3,21,1,5,1,2,0,2,
260,0,2,0,4,2,2,3,3,26,2,5,2,8,8,1,
261,0,2,0,2,2,2,1,3,62,1,5,1,7,0,1,
262,0,1,0,1,1,1,3,4,26,1,5,1,5,0,1,
263,0,1,0,2,2,2,1,5,72,1,5,1,3,0,2,
264,0,1,0,5,2,2,3,6,34,1,6,1,2,0,1,
265,0,2,0,3,3,2,3,3,72,1,5,1,7,0,2,
266,0,1,0,3,2,2,3,2,55,2,5,1,0,0,2,
267,0,1,0,2,2,2,3,3,66,1,3,1,7,0,2,
268,0,1,0,6,4,2,1,4,49,1,5,1,1,0,1,
269,0,1,0,1,1,1,1,4,22,2,5,1,3,0,1,
270,0,2,0,4,2,2,1,7,29,2,5,1,1,0,1,
271,0,1,0,3,1,1,2,1,15,2,4,1,0,0,2,
272,0,1,0,3,3,1,1,4,22,1,2,1,3,1,1,
273,0,2,0,2,2,2,3,7,53,1,4,2,8,8,1,
274,0,1,0,3,2,2,1,3,55,1,2,1,6,0,1,
275,0,2,0,3,2,1,1,3,17,1,2,1,0,0,1,
276,0,1,0,2,2,3,1,1,89,2,2,1,1,0,1,
277,0,2,0,5,3,1,1,3,17,1,2,1,0,0,1,
278,0,1,0,5,2,2,3,6,53,1,5,1,0,0,1,
279,0,2,0,4,2,2,3,3,30,1,5,1,0,0,2,
280,0,2,0,3,1,1,1,4,41,2,4,1,0,0,2,
281,0,1,0,2,2,2,3,2,70,1,6,1,2,0,1,
282,0,1,0,4,3,1,3,3,18,2,6,1,2,2,2,
283,0,1,0,4,2,2,1,4,27,1,5,1,1,0,1,
284,5,1,0,2,2,2,2,2,50,2,3,1,1,0,2,
285,5,1,0,3,3,1,2,4,19,2,4,1,7,2,2,
286,5,1,0,3,3,1,2,4,23,2,4,1,7,0,2,
287,5,2,0,2,2,1,2,5,19,2,2,2,8,8,1,
288,5,1,0,2,2,1,2,6,25,2,1,1,7,0,1,
289,5,2,0,1,1,3,2,1,64,2,1,1,0,0,2,
290,5,1,0,8,4,1,2,3,17,2,6,2,8,8,2,
291,5,1,0,8,4,2,2,3,48,2,6,2,8,8,2,
292,5,2,0,3,2,3,2,1,42,2,4,2,8,8,1,
293,5,1,0,8,2,1,2,3,17,2,5,2,8,8,1,
294,5,1,0,3,2,1,2,4,17,2,5,1,0,0,1,
295,5,2,0,2,2,1,2,4,22,2,5,1,1,0,1,
296,5,2,0,4,3,2,2,8,44,1,8,1,7,0,1,
297,5,2,0,4,3,1,2,8,19,1,8,1,0,0,1,
298,5,2,0,4,3,1,2,4,17,1,8,1,0,0,1,
299,5,1,0,3,2,2,2,3,26,1,7,1,0,0,1,
300,5,2,0,3,2,2,2,3,23,1,7,1,0,0,1,
301,5,1,0,3,3,2,1,4,53,1,5,1,1,0,1,
302,5,2,0,3,3,1,1,5,18,1,5,1,1,0,1,
303,5,1,0,2,2,2,2,3,63,1,3,1,0,0,1,
304,5,2,0,2,2,2,2,3,49,2,8,1,0,0,1,
305,5,2,0,2,2,1,2,8,28,2,5,1,5,5,1,
306,5,1,0,7,4,1,2,3,16,2,5,2,8,8,1,
307,5,1,0,1,1,3,2,3,70,2,5,2,8,8,1,
308,5,2,0,6,6,2,2,4,55,1,8,1,1,0,2,
309,5,1,0,6,4,1,2,6,20,1,5,2,8,8,2,
310,5,2,0,6,4,2,2,3,46,1,8,2,8,8,2,
311,5,1,0,4,2,2,2,4,35,1,5,1,2,0,2,
312,5,2,0,9,5,2,2,4,30,1,8,1,1,0,1,
313,5,1,0,2,2,2,2,3,51,2,5,1,0,0,2,
314,5,1,0,2,2,2,3,2,38,2,4,1,1,0,1,
315,5,2,0,5,4,1,3,4,21,1,6,2,8,8,2,
316,5,1,0,3,2,2,3,1,41,1,5,1,0,0,2,
317,5,2,0,3,1,3,2,3,36,2,2,1,7,0,1,
318,5,1,0,3,3,1,3,2,49,1,4,1,2,0,2,
319,5,1,0,2,2,1,2,3,27,2,6,1,0,0,1,
320,5,2,0,1,1,1,2,4,36,2,5,1,1,0,2,
321,5,1,0,4,2,2,2,1,47,1,3,2,8,8,2,
322,5,2,0,4,3,2,1,1,42,1,3,1,2,0,1,
323,5,1,0,1,1,1,2,3,19,2,2,1,2,0,2,
324,5,2,0,3,2,2,2,3,37,2,6,1,0,0,1,
325,5,1,0,4,3,2,3,3,46,1,5,1,1,0,2,
326,5,2,0,3,3,2,2,4,50,1,5,1,2,0,2,
327,5,1,0,4,2,2,3,3,36,1,5,1,7,0,1,
328,5,1,0,2,2,1,1,4,38,1,5,1,1,0,1,
329,5,1,0,3,3,1,2,7,24,2,6,1,5,2,2,
330,5,1,0,2,2,2,2,5,53,2,5,1,1,0,2,
331,5,1,0,3,2,1,2,5,33,2,7,1,3,0,1,
332,5,1,0,2,2,2,2,3,69,2,5,1,7,0,2,
333,5,1,0,4,2,2,2,4,42,2,6,1,2,0,2,
334,5,1,0,2,2,2,2,1,69,1,5,2,8,8,2,
335,5,1,0,6,4,1,2,5,18,1,8,2,8,8,2,
336,5,2,0,6,4,2,2,3,55,1,8,1,1,0,1,
337,5,2,0,2,2,3,2,1,69,2,5,1,7,0,2,
338,5,2,0,2,2,2,2,4,57,1,8,1,0,0,2,
339,5,2,0,1,1,1,2,4,25,2,5,1,0,0,1,
340,5,1,0,3,3,2,2,1,61,2,5,1,7,0,2,
341,5,2,0,2,2,2,2,4,65,1,5,1,0,0,2,
342,5,1,0,2,2,2,2,3,31,2,3,1,1,0,2,
343,5,1,0,4,2,2,2,4,32,2,6,1,5,0,1,
344,5,1,0,6,3,2,2,3,45,2,7,1,3,0,2,
345,5,1,0,4,2,2,2,1,44,1,7,1,2,1,2,
346,5,2,0,3,2,2,2,8,39,1,8,1,4,0,1,
347,5,2,0,3,2,2,2,4,32,1,9,1,1,0,2,
348,5,2,0,2,2,2,1,5,60,1,4,1,7,0,2,
349,5,1,0,4,2,2,2,6,46,1,5,1,7,0,2,
350,5,1,0,4,2,1,2,3,15,1,5,2,8,8,2,
351,5,1,0,4,2,1,2,5,20,1,6,1,1,0,1,
352,5,1,0,3,2,2,1,8,56,1,6,1,2,0,1,
353,5,1,0,4,2,1,1,5,20,1,5,1,0,0,2,
354,5,1,0,4,2,2,1,8,40,1,5,2,8,8,2,
355,5,2,0,3,2,2,2,3,34,1,5,1,1,0,2,
356,5,1,0,4,3,2,2,8,48,1,6,1,2,0,1,
357,5,1,0,2,2,2,1,3,70,1,5,1,0,0,2,
358,5,1,0,2,2,1,2,4,22,2,5,1,1,0,2,
359,5,2,0,2,2,2,2,5,56,2,5,1,0,0,2,
360,5,2,0,2,2,3,3,4,52,2,6,1,0,0,2,
361,5,1,0,5,2,2,3,4,31,2,1,1,0,0,2,
362,5,1,0,2,2,3,1,4,64,2,3,1,7,7,1,
363,5,1,0,6,5,1,2,8,24,1,7,1,0,0,1,
364,5,1,0,2,2,1,2,4,19,2,3,2,8,8,1,
365,5,1,0,2,2,1,2,3,32,2,3,1,3,0,1,
366,5,1,0,2,2,3,2,6,58,2,6,2,8,8,1,
367,5,2,0,5,3,2,2,1,40,2,6,1,1,0,2,
368,5,1,0,2,2,2,2,4,55,2,6,2,8,8,2,
369,5,1,0,3,2,2,2,8,26,2,6,2,8,8,2,
370,5,1,0,3,3,1,3,7,20,2,5,2,8,8,2,
371,5,1,0,3,3,1,3,7,21,2,5,1,2,0,2,
372,5,1,0,2,2,1,3,7,22,2,5,1,1,0,1,
373,5,1,0,2,2,1,3,7,20,2,5,1,1,0,2,
374,5,1,0,2,2,2,3,7,30,2,3,2,8,8,2,
375,5,2,0,2,2,1,1,4,20,2,5,1,2,0,1,
376,5,2,0,6,2,2,3,4,31,1,5,1,1,0,2,
377,5,2,0,3,3,2,2,3,56,2,5,1,2,0,1,
378,5,1,0,3,3,2,2,8,38,1,8,1,7,0,1,
379,5,2,0,3,3,2,1,8,38,1,5,1,0,0,1,
380,5,2,0,3,3,2,1,6,48,2,5,2,8,8,1,
381,5,1,0,3,2,2,1,8,25,2,5,2,8,8,2,
382,5,1,0,2,2,1,2,7,21,2,7,1,6,1,1,
383,5,2,0,2,2,2,3,4,64,2,4,1,0,0,2,
384,5,1,0,3,2,2,1,8,28,2,5,1,0,0,2,
385,5,2,0,4,2,2,2,4,45,2,4,1,1,0,2,
386,5,1,0,2,2,2,2,8,27,2,7,1,2,0,1,
387,5,2,0,1,1,1,2,8,62,2,6,1,1,0,2,
388,5,1,0,5,3,1,1,3,16,2,3,1,0,0,1,
389,5,1,0,2,2,1,1,7,20,2,3,1,1,1,1,
390,5,2,0,1,1,3,1,4,45,2,4,1,1,0,1,
391,5,2,0,1,1,1,1,3,52,2,3,1,2,0,1,
392,5,2,0,4,2,2,1,4,47,2,3,2,8,8,2,
393,5,2,0,2,2,1,1,4,20,2,4,1,0,0,1,
394,4,1,0,2,2,2,2,6,80,1,3,2,8,8,2,
395,4,1,0,2,2,2,1,8,66,1,4,1,0,0,1,
396,4,1,0,4,3,2,1,6,52,1,4,1,2,0,1,
397,4,1,0,3,3,1,1,7,21,2,4,1,4,0,2,
398,4,1,0,5,3,1,1,3,17,1,3,2,8,8,2,
399,4,1,0,4,4,1,2,7,20,1,5,1,3,0,1,
400,5,1,0,2,2,1,2,7,25,2,3,1,3,2,2,
401,5,2,0,1,1,1,2,6,25,2,4,1,3,0,2,
402,5,2,0,5,2,2,2,6,28,2,4,1,0,0,1,
403,5,2,0,2,2,1,2,6,24,2,4,1,2,0,1,
404,5,1,0,2,2,2,2,4,62,2,5,1,1,0,2,
405,5,2,0,1,1,3,2,2,43,2,2,2,8,8,2,
406,5,2,0,4,2,2,3,8,39,1,6,2,8,8,1,
407,5,2,0,5,2,2,2,2,49,1,6,1,0,0,2,
408,5,2,0,4,4,1,2,6,23,1,6,1,7,0,1,
409,5,2,0,4,2,2,2,4,33,1,5,1,0,0,1,
410,5,1,0,3,3,1,2,4,20,1,5,1,7,6,1,
411,5,2,0,2,1,1,2,6,17,2,4,1,0,0,1,
412,5,1,0,4,2,2,2,4,33,1,6,1,5,0,1,
413,5,1,0,2,2,2,2,4,25,1,7,1,0,0,1,
414,5,2,0,4,2,2,2,4,32,1,8,1,1,0,2,
415,5,1,0,4,2,2,2,3,46,1,5,1,2,2,1,
416,5,2,0,5,2,2,2,3,33,1,8,1,0,0,2,
417,5,2,0,4,2,2,2,4,28,1,8,1,0,0,1,
418,5,2,0,2,2,1,2,2,79,1,5,1,1,0,2,
419,5,1,0,3,3,1,2,4,25,1,5,1,0,0,2,
420,5,2,0,3,3,1,2,5,19,1,5,1,1,0,1,
421,5,2,0,5,4,2,2,3,56,1,7,1,2,0,2,
422,5,1,0,5,5,2,2,4,49,2,6,2,8,8,1,
423,5,2,0,2,2,1,2,4,19,2,4,1,0,0,2,
424,5,2,0,4,3,2,2,6,45,1,8,2,8,8,1,
425,5,1,0,4,2,2,2,4,30,1,7,1,0,0,2,
426,5,1,0,4,2,2,2,4,31,1,5,1,0,0,2,
427,5,1,0,7,2,1,2,3,16,1,6,1,0,0,1,
428,5,1,0,7,2,2,2,6,39,1,6,2,8,8,2,
429,5,2,0,7,2,1,2,5,17,1,6,2,8,8,2,
430,5,2,0,7,7,2,2,2,47,1,4,2,8,8,2,
431,5,1,0,1,1,1,2,1,54,2,3,1,3,0,2,
432,5,2,0,1,1,1,2,8,32,2,5,1,2,0,1,
433,5,2,0,4,3,2,2,4,47,1,7,1,0,0,2,
434,5,1,0,1,1,3,2,4,69,2,4,2,8,8,2,
435,5,2,0,4,2,2,2,2,34,2,5,1,0,0,1,
436,5,2,0,2,2,2,2,4,30,2,7,1,1,0,1,
437,5,1,0,3,2,2,2,6,28,1,5,1,2,0,1,
438,5,2,0,5,4,1,2,3,18,1,4,2,8,8,1,
439,5,1,0,5,2,1,2,3,18,1,7,1,1,0,2,
440,5,1,0,4,2,2,2,8,42,1,7,1,1,0,1,
441,5,2,0,4,2,2,2,4,48,1,7,1,2,0,2,
442,5,2,0,3,2,2,2,6,46,1,8,1,0,0,1,
443,5,2,0,6,4,2,2,1,48,1,5,2,8,8,1,
444,5,2,0,6,4,1,2,3,15,2,3,1,0,0,1,
445,5,2,0,3,2,2,2,6,27,2,3,2,8,8,1,
446,5,1,0,2,2,1,2,3,32,2,3,1,1,1,1,
447,5,2,0,4,1,1,2,1,24,2,3,1,0,0,1,
448,5,1,0,4,4,1,2,7,23,2,1,1,1,0,1,
449,5,1,0,4,4,1,1,7,30,2,1,1,0,0,2,
450,5,1,0,5,4,1,2,3,17,2,5,2,8,8,2,
451,5,1,0,2,2,1,2,8,25,2,3,1,2,0,1,
452,5,1,0,4,4,1,2,5,18,1,6,1,0,0,1,
453,5,2,0,4,4,1,2,6,22,1,6,1,0,0,2,
454,5,2,0,3,2,2,2,8,37,1,8,1,0,0,2,
455,5,2,0,5,4,2,2,3,50,1,5,1,1,0,2,
456,5,2,0,4,3,2,2,3,52,1,8,2,8,8,2,
457,5,1,0,3,2,3,2,5,40,1,4,1,2,0,2,
458,5,2,0,2,2,2,2,3,49,1,5,1,0,0,2,
459,5,2,0,2,2,1,2,7,25,1,5,1,0,0,2,
460,5,1,0,3,2,2,2,5,57,1,7,1,0,0,1,
461,5,1,0,5,2,1,2,3,15,1,5,1,0,0,1,
462,5,2,0,2,2,2,2,1,61,2,5,1,1,0,1,
463,5,1,0,5,3,1,2,3,15,1,5,1,0,0,2,
464,5,2,0,5,3,1,2,5,20,1,5,1,1,0,2,
465,5,1,0,4,3,2,2,4,44,1,8,1,3,0,2,
466,5,2,1,1,1,3,2,1,67,1,3,2,8,8,2,
467,5,1,2,8,6,1,2,4,19,1,4,1,4,1,1,
468,5,2,2,8,6,2,2,4,54,1,4,1,0,0,1,
469,5,2,1,4,2,2,2,4,25,1,5,2,8,8,2,
470,5,1,2,2,2,2,2,1,64,1,4,2,8,8,1,
471,5,1,2,5,1,3,2,2,40,1,3,1,2,0,2,
472,5,2,2,3,2,2,2,3,26,1,5,1,0,0,1,
473,5,1,1,3,2,2,2,3,44,1,6,1,7,0,1,
474,5,2,1,2,2,3,2,1,65,2,1,2,8,8,2,
475,5,1,1,4,2,2,2,3,37,2,4,1,0,0,1,
476,5,2,1,2,2,2,2,4,29,1,5,1,1,0,1,
477,5,1,1,2,2,2,2,1,71,1,2,2,8,8,1,
478,5,1,1,6,3,2,2,6,30,1,9,1,7,0,1,
479,5,1,1,3,2,2,2,4,31,2,9,1,0,0,2,
480,5,2,4,4,2,2,2,4,26,1,7,1,1,0,1,
481,5,2,4,5,2,2,2,3,35,1,7,1,1,0,2,
482,5,1,4,6,6,1,2,1,34,1,6,2,8,8,2,
483,5,1,4,6,6,1,2,2,35,1,6,2,8,8,2,
484,5,1,4,4,2,2,2,1,46,1,7,1,1,0,2,
485,5,2,4,6,3,2,2,2,48,1,5,2,8,8,1,
486,5,1,4,6,6,2,2,3,55,2,6,2,8,8,1,
487,5,2,4,6,6,1,2,3,18,2,6,1,2,0,1,
488,5,2,4,4,2,2,2,2,43,1,5,1,1,0,2,
489,5,2,4,5,2,2,2,3,32,2,4,2,8,8,2,
490,5,2,4,2,2,2,2,3,24,2,4,2,8,8,1,
491,5,2,4,2,2,2,2,1,56,1,5,1,1,0,2,
492,6,2,0,1,1,3,1,6,77,1,5,2,8,8,2,
493,6,2,0,5,2,2,1,3,32,1,4,2,8,8,1,
494,6,2,0,10,2,2,1,6,40,1,5,2,8,8,2,
495,6,2,0,1,1,3,1,6,69,1,5,2,8,8,1,
496,6,2,0,1,1,3,1,4,51,1,5,1,2,0,1,
497,6,2,0,4,2,2,1,6,33,1,5,1,1,0,1,
498,6,2,1,3,2,2,3,3,32,1,5,1,2,0,2,
499,6,1,1,4,2,2,1,3,38,1,5,1,7,0,1,
500,6,2,3,4,3,2,3,2,50,1,6,1,4,0,2,
501,6,2,1,6,2,2,1,3,35,1,6,1,1,0,1,
502,6,2,3,5,2,2,1,3,34,1,5,2,8,8,1,
503,6,1,1,4,2,2,1,3,37,1,4,1,0,0,1,
504,6,2,3,3,3,2,1,1,49,1,6,1,1,0,1,
505,0,1,0,6,4,2,3,3,82,1,5,1,4,0,2,
506,0,1,0,1,1,3,1,8,29,2,6,1,3,0,1,
507,0,2,0,3,2,2,3,2,46,2,4,1,2,0,1,
508,0,2,0,2,2,2,1,4,18,2,5,1,1,0,1,
509,0,1,0,3,3,1,3,4,18,2,4,1,1,0,2,
510,0,2,0,4,2,1,3,3,17,1,5,1,0,0,1,
511,0,2,0,4,3,2,1,3,37,2,6,1,1,0,2,
512,0,1,0,2,2,2,1,3,26,1,7,2,8,8,1,
513,0,1,0,3,3,1,1,4,18,1,6,1,1,0,1,
514,0,2,0,5,3,2,3,3,38,1,8,1,1,0,1,
515,0,2,0,1,1,3,1,4,62,1,5,2,8,8,2,
516,0,1,0,2,2,2,1,3,65,1,5,2,8,8,2,
517,0,1,0,2,2,2,1,7,24,1,4,1,4,0,1,
518,0,2,0,3,3,1,1,4,54,1,4,1,0,0,1,
519,0,1,0,2,2,2,1,0,55,1,3,2,8,8,2,
520,0,2,0,3,2,2,1,7,24,1,3,1,1,0,1,
521,0,1,0,3,3,2,1,4,59,1,4,1,7,0,2,
522,0,2,0,4,2,2,1,3,38,1,3,1,1,0,2,
523,0,1,4,2,2,2,1,2,65,1,4,2,8,8,2,
524,0,2,4,4,2,2,1,2,41,1,2,1,0,0,2,
525,0,2,4,4,2,2,1,3,27,1,3,1,0,0,1,
526,0,2,4,1,1,3,1,2,81,1,2,2,8,8,2,
527,0,1,1,4,3,1,1,3,17,1,5,1,0,0,1,
528,0,2,1,4,3,2,1,6,38,1,5,1,3,0,2,
529,0,1,2,4,3,2,3,8,49,1,7,1,1,0,2,
530,0,2,1,4,2,2,1,4,42,1,4,1,1,0,2,
531,0,1,1,3,3,1,1,5,21,1,7,2,8,8,1,
532,0,1,1,5,5,1,1,5,29,1,7,1,0,0,1,
533,0,1,2,1,1,1,1,2,59,1,2,1,7,0,1,
534,6,1,0,5,2,2,2,2,33,1,5,1,7,0,2,
535,6,1,0,3,3,2,1,2,65,1,4,1,7,0,2,
536,6,2,0,2,2,2,1,4,52,1,4,2,8,8,1,
537,6,1,0,2,2,2,1,3,36,1,4,1,3,0,2,
538,6,1,0,3,2,2,3,8,31,1,4,1,0,0,2,
539,6,1,0,4,2,2,1,3,29,1,4,1,0,0,1,
540,5,1,0,3,2,2,2,5,35,1,5,1,1,0,1,
541,5,2,0,3,2,2,2,1,53,1,5,1,1,0,1,
542,5,2,0,7,4,1,2,4,25,1,6,1,1,0,1,
543,5,1,0,3,3,2,2,3,62,1,8,1,7,0,2,
544,5,2,0,3,2,2,2,2,50,1,6,1,1,0,1,
545,5,2,0,3,2,2,2,4,44,1,7,1,7,0,2,
546,9,1,4,6,3,2,1,1,70,1,5,2,8,8,2,
547,9,2,4,6,3,1,1,1,17,1,5,2,8,8,2,
548,9,2,4,6,4,2,1,1,37,1,5,2,8,8,2,
549,9,1,4,4,3,1,1,4,20,2,5,2,8,8,1,
550,9,2,4,6,2,2,3,4,42,1,6,1,0,0,1,
551,9,2,4,4,2,2,1,5,29,1,7,1,0,0,1,
552,9,1,2,6,4,2,1,8,54,1,8,1,0,0,1,
553,9,2,2,6,4,1,1,7,18,1,8,1,1,0,2,
554,9,1,2,3,2,2,1,3,64,1,7,2,8,8,2,
555,9,2,2,4,3,2,1,4,42,1,7,1,3,0,2,
556,9,2,2,4,3,2,1,1,49,1,5,1,0,0,1,
557,9,1,1,4,4,1,1,8,25,1,5,2,8,8,1,
558,9,2,1,4,4,2,1,3,52,1,6,2,8,8,2,
559,6,2,0,1,1,3,2,8,70,1,3,1,0,0,2,
560,6,2,0,3,2,1,1,3,22,2,2,1,0,0,1,
561,6,2,0,4,3,2,3,1,51,1,3,2,8,8,2,
562,6,1,0,6,2,2,1,3,36,1,3,1,1,0,1,
563,6,2,0,6,2,1,1,3,16,1,3,1,0,0,2,
564,6,1,0,5,2,2,1,4,39,1,2,1,0,0,1,
565,7,1,0,2,2,2,1,4,54,1,4,1,3,0,1,
566,7,1,0,1,1,1,1,3,25,1,4,1,7,5,1,
567,7,2,0,2,2,1,3,4,39,1,6,1,0,0,1,
568,7,2,0,4,2,2,1,4,31,1,5,1,7,0,1,
569,7,1,0,4,2,1,1,3,22,1,7,1,1,1,1,
570,7,2,0,4,2,2,1,3,35,1,4,3,9,9,2,
571,7,2,0,4,3,2,1,3,18,2,5,1,0,0,2,
572,7,1,0,2,2,1,1,8,27,2,5,1,5,0,2,
573,7,2,0,1,1,3,3,1,70,1,5,1,0,0,2,
574,7,2,0,3,2,2,1,3,26,1,8,1,2,0,2,
575,7,1,0,2,2,1,3,3,17,2,5,1,0,0,1,
576,7,2,0,2,2,3,1,1,52,1,3,1,7,0,1,
577,7,1,0,1,1,3,1,2,61,2,5,1,7,0,1,
578,7,2,0,2,2,2,1,3,60,1,2,1,0,0,1,
579,7,1,0,2,2,2,1,3,66,1,5,2,8,8,1,
580,7,1,0,6,4,1,1,3,25,1,5,1,2,0,2,
581,7,1,0,2,2,2,1,1,39,1,5,2,8,8,2,
582,7,1,0,2,2,2,1,3,65,1,3,2,8,8,2,
583,7,2,0,3,2,2,1,7,26,1,5,1,2,0,2,
584,7,1,0,2,2,2,1,2,67,1,1,2,8,8,2,
585,7,2,0,4,3,2,3,3,48,1,5,1,1,0,2,
586,7,2,0,4,4,1,3,3,28,1,3,1,2,0,2,
587,7,2,0,4,2,2,1,3,42,1,3,1,1,0,2,
588,9,2,0,6,2,2,1,3,42,1,5,2,8,8,2,
589,9,1,0,7,3,2,1,8,25,2,3,1,2,0,2,
590,9,1,0,4,4,2,1,5,25,2,5,1,1,1,1,
591,9,1,0,2,2,2,3,4,58,1,6,1,1,0,2,
592,9,2,0,2,2,2,2,7,60,1,3,1,0,0,1,
593,9,1,0,4,2,2,1,6,41,1,5,1,1,0,2,
594,9,2,0,6,3,1,1,4,18,2,4,1,1,0,1,
595,9,2,0,2,2,3,3,6,71,1,6,1,7,0,1,
596,9,2,0,3,3,2,3,4,71,1,5,1,7,0,1,
597,9,1,0,3,3,2,1,4,65,2,6,1,1,0,1,
598,9,1,0,3,3,1,1,4,22,2,4,1,2,2,1,
599,9,1,0,2,2,3,3,4,63,2,6,1,0,0,1,
600,5,1,0,3,2,1,3,3,15,2,4,2,8,8,1,
601,5,1,0,3,2,2,3,4,37,2,6,1,0,0,1,
602,5,1,0,3,2,2,3,2,26,2,3,1,0,0,1,
603,5,1,0,4,2,2,2,2,35,2,4,1,0,0,1,
604,5,1,0,2,2,2,3,4,37,1,4,1,4,0,1,
605,5,2,0,4,3,2,2,3,45,2,6,1,0,0,1,
606,5,1,0,7,2,1,1,3,15,2,3,2,8,8,1,
607,5,2,0,2,2,3,2,2,57,2,1,2,8,8,1,
608,5,2,0,1,1,3,2,4,26,2,3,1,0,0,2,
609,5,2,0,3,2,2,2,3,38,2,4,1,1,0,1,
610,5,2,0,2,2,2,2,4,52,2,5,3,9,9,2,
611,5,2,0,2,2,2,2,4,23,2,4,1,7,0,2,
612,5,1,0,5,3,2,2,3,48,1,7,1,1,0,1,
613,5,1,0,2,2,2,2,3,74,2,5,1,0,0,2,
614,5,2,0,2,2,2,2,1,56,2,4,1,0,0,1,
615,5,1,0,4,3,2,2,3,48,1,7,1,0,0,1,
616,5,1,0,5,2,2,3,1,41,1,7,1,7,0,2,
617,5,2,0,5,2,2,3,1,38,1,7,2,8,8,2,
618,5,1,0,3,2,1,2,3,16,2,7,1,0,0,1,
619,5,2,0,3,2,2,2,1,53,2,7,1,0,0,2,
620,5,2,0,2,2,2,2,3,58,2,7,1,0,0,1,
621,5,1,0,2,2,3,2,6,52,2,8,1,7,2,1,
622,5,2,0,2,2,1,2,6,20,2,8,1,3,0,1,
623,5,1,0,2,2,2,2,8,87,2,6,2,8,8,2,
624,5,1,0,2,2,1,2,4,21,2,3,1,0,0,2,
625,5,1,0,2,2,3,2,3,29,2,3,1,0,0,2,
626,5,1,0,4,4,2,2,4,66,2,5,1,7,0,1,
627,5,2,0,2,2,1,2,6,22,2,6,1,0,0,1,
628,5,2,0,2,2,3,2,3,75,2,8,2,8,8,2,
629,5,2,0,2,2,1,2,8,53,2,7,1,0,0,2,
630,5,2,0,3,3,2,2,4,25,2,6,1,1,0,2,
631,5,1,0,4,2,2,2,7,53,2,6,2,8,8,1,
632,5,2,0,4,2,2,2,3,43,2,5,2,8,8,1,
633,5,1,0,2,2,3,2,8,38,2,5,1,3,0,2,
634,5,2,0,3,2,2,2,4,26,2,3,2,8,8,2,
635,5,2,0,2,2,1,1,5,17,1,4,1,0,0,1,
636,5,1,0,4,4,1,2,5,18,1,6,1,1,0,1,
637,5,1,0,2,2,2,3,5,60,1,4,2,8,8,2,
638,5,2,0,6,5,2,2,4,48,1,7,1,4,0,2,
639,5,1,0,2,1,3,1,8,56,2,5,1,6,0,1,
640,5,2,0,4,2,2,1,8,35,1,4,1,2,0,1,
641,5,2,0,10,6,2,1,6,41,1,4,2,8,8,2,
642,5,2,0,3,3,2,1,4,51,1,5,2,8,8,2,
643,5,2,0,2,1,3,1,4,48,1,5,1,7,0,2,
644,5,1,0,5,5,2,3,6,45,1,5,1,4,0,2,
645,5,2,0,2,2,2,1,3,51,2,5,1,1,0,2,
646,5,1,0,4,3,1,1,3,22,2,4,1,3,3,1,
647,5,1,0,4,4,1,2,5,22,2,5,1,2,0,2,
648,5,1,0,4,3,2,1,4,28,2,5,1,0,0,1,
649,5,1,0,1,1,1,1,4,52,2,3,2,8,8,2,
650,5,1,0,5,2,2,3,2,49,2,4,1,3,0,1,
651,5,2,0,5,2,1,3,3,17,2,4,1,0,0,2,
652,5,1,0,5,2,2,3,1,50,2,3,1,7,0,1,
653,5,2,0,5,2,1,3,3,15,2,3,2,8,8,1,
654,5,1,0,4,2,2,1,6,26,2,4,1,0,0,1,
655,5,1,0,2,2,2,2,4,80,2,2,3,9,9,2,
656,5,1,0,4,3,1,1,7,21,1,7,1,2,0,2,
657,5,2,0,4,4,1,1,8,23,1,7,1,0,0,2,
658,5,2,0,3,3,1,1,5,19,1,6,1,0,0,1,
659,5,1,0,4,4,1,1,8,23,1,5,1,3,0,2,
660,5,1,0,3,3,2,1,2,69,1,6,1,0,0,2,
661,5,2,0,3,3,1,1,4,45,2,6,1,1,0,1,
662,5,2,0,1,1,3,1,2,80,2,5,1,1,0,2,
663,5,2,0,3,3,2,2,4,55,1,7,1,0,0,1,
664,5,2,0,1,1,1,1,7,21,2,7,1,0,0,2,
665,5,1,0,2,2,2,3,5,24,2,6,1,0,0,2,
666,5,2,0,3,2,1,1,3,16,2,7,1,0,0,2,
667,5,2,0,3,3,2,3,4,50,1,7,1,0,0,1,
668,5,1,0,4,3,2,2,1,53,1,5,1,1,0,1,
669,5,2,0,4,4,1,1,5,20,1,5,2,8,8,1,
670,5,1,0,4,4,2,1,6,62,1,5,1,1,0,2,
671,5,2,0,4,2,2,2,7,26,1,5,1,2,0,1,
672,5,2,0,5,3,2,2,6,34,1,9,1,0,0,2,
673,5,2,0,5,3,1,2,3,15,1,9,2,8,8,2,
674,5,2,0,3,3,1,2,4,19,2,5,2,8,8,1,
675,5,2,0,2,2,1,2,6,26,2,6,1,1,0,1,
676,5,2,0,2,2,2,2,3,35,2,5,2,8,8,2,
677,5,1,0,3,3,1,2,3,44,2,1,1,0,0,1,
678,5,1,0,3,2,3,2,8,24,2,6,1,2,0,1,
679,5,1,0,2,1,1,2,5,17,2,1,1,0,0,1,
680,5,2,0,5,2,1,2,3,15,1,9,2,8,8,2,
681,5,2,0,4,2,2,2,4,45,1,8,2,8,8,2,
682,5,1,0,4,2,2,2,6,37,1,9,1,2,0,1,
683,5,2,0,4,2,2,3,1,31,2,5,2,8,8,1,
684,5,1,0,2,2,2,2,8,73,1,5,2,8,8,2,
685,5,2,0,4,2,2,2,6,49,1,8,1,0,0,2,
686,5,1,0,2,2,2,2,1,66,1,5,1,0,0,2,
687,5,1,0,2,2,2,2,1,65,1,5,1,0,0,2,
688,5,2,0,2,2,2,2,3,40,1,8,1,0,0,2,
689,5,1,0,2,2,2,2,1,66,1,3,1,0,0,2,
690,5,2,0,1,1,1,1,1,58,1,8,1,0,0,2,
691,5,2,0,2,2,2,2,3,60,2,8,1,0,0,2,
692,6,2,0,6,4,2,3,1,60,1,5,1,0,0,2,
693,6,1,0,9,7,3,3,9,79,1,6,1,1,0,2,
694,6,2,0,9,7,3,3,1,44,1,6,1,2,0,2,
695,6,2,0,4,2,2,3,1,39,1,5,1,0,0,2,
696,6,1,0,4,4,2,3,1,56,1,5,1,7,0,2,
697,6,2,0,2,2,3,1,1,75,1,4,1,2,0,2,
698,6,1,0,3,3,1,1,7,30,2,4,1,1,0,1,
699,6,1,0,3,2,2,3,4,23,2,4,1,2,0,1,
700,6,1,0,4,4,1,3,3,23,2,4,2,8,8,2,
701,6,2,0,4,3,1,1,4,15,1,8,2,8,8,2,
702,6,1,0,2,2,2,1,8,32,1,5,1,2,0,2,
703,6,1,0,5,5,1,1,4,18,1,4,1,0,0,1,
704,6,1,0,5,5,1,1,5,23,1,5,1,0,0,1,
705,6,1,0,5,5,2,1,3,51,1,5,1,7,0,1,
706,6,2,0,5,5,2,1,3,52,1,5,1,2,0,2,
707,6,2,0,5,2,2,1,4,36,1,5,1,5,0,1,
708,6,1,0,3,3,1,1,4,21,1,3,1,5,0,1,
709,6,1,0,8,2,2,1,1,42,2,2,1,1,0,1,
710,6,2,0,8,2,2,1,3,45,2,3,2,8,8,1,
711,6,2,0,2,2,2,1,3,23,1,3,1,0,0,2,
712,6,2,0,4,1,3,1,3,34,2,3,1,2,0,1,
713,6,2,0,5,2,1,1,3,16,2,3,2,8,8,1,
714,6,2,0,2,2,2,1,3,63,1,3,2,8,8,2,
715,6,1,0,2,2,3,1,3,64,2,7,1,7,0,2,
716,6,2,0,3,3,1,1,7,22,2,3,1,0,0,2,
717,6,2,0,2,2,2,1,3,64,2,4,1,1,0,1,
718,6,2,0,2,1,1,1,3,24,1,4,1,1,0,1,
719,6,1,0,1,1,1,1,3,37,2,5,2,8,8,1,
720,6,2,0,2,2,3,1,3,66,2,4,1,2,0,1,
721,6,1,0,1,1,1,1,3,22,2,4,1,0,0,1,
722,6,2,0,2,2,1,1,3,19,2,4,1,4,0,1,
723,6,1,0,1,1,1,1,6,27,2,5,1,2,0,1,
724,6,2,0,3,2,2,1,3,26,2,5,1,0,0,1,
725,6,2,0,2,2,2,2,3,32,2,5,2,8,8,2,
726,6,1,0,1,1,3,2,1,64,2,3,2,8,8,1,
727,6,2,1,6,3,2,2,3,37,1,4,1,1,0,2,
728,6,1,3,1,1,1,2,1,68,1,3,1,0,0,2,
729,6,1,2,5,5,1,2,6,31,1,4,1,4,0,2,
730,6,2,2,5,5,2,2,1,58,1,4,1,2,0,1,
731,6,2,2,4,2,2,2,3,54,1,5,2,8,8,2,
732,6,2,2,2,2,2,1,6,69,1,6,1,0,0,1,
733,6,1,2,4,2,2,1,3,42,1,4,1,0,0,1,
734,6,1,2,5,4,2,1,8,45,1,7,1,1,0,1,
735,6,1,3,3,3,1,2,4,23,1,5,2,8,8,1,
736,6,1,3,3,3,2,2,1,47,1,5,1,3,0,1,
737,6,2,2,2,2,1,2,1,72,1,3,1,0,0,1,
738,6,1,2,5,2,1,1,3,15,2,5,2,8,8,2,
739,6,1,2,5,2,2,1,8,40,2,5,1,1,0,2,
740,6,1,2,6,5,1,1,7,23,1,8,1,1,0,1,
741,6,2,0,4,2,2,1,8,39,1,8,1,3,0,1,
742,6,2,0,4,4,2,1,7,55,1,8,1,6,0,1,
743,6,1,0,4,2,2,1,6,35,1,8,1,1,0,1,
744,6,1,0,2,2,2,1,8,33,1,8,1,6,0,2,
745,6,1,0,4,2,2,1,7,34,1,8,1,2,0,2,
746,6,2,0,4,3,2,1,8,50,1,8,1,1,0,2,
747,6,1,0,6,4,2,3,4,53,2,4,1,1,0,2,
748,6,1,0,1,1,1,3,0,40,2,4,1,2,0,2,
749,6,1,0,5,4,2,3,8,35,2,5,1,0,0,2,
750,6,1,0,3,3,1,1,3,21,2,5,1,0,0,2,
751,6,1,0,5,2,2,3,8,32,2,4,2,8,8,2,
752,6,2,0,5,4,2,1,3,25,2,4,2,8,8,2,
753,6,2,0,2,2,2,1,7,65,1,6,1,7,0,2,
754,6,2,0,3,2,2,1,5,35,1,6,1,1,0,2,
755,6,1,0,4,2,2,1,3,31,1,6,1,2,0,1,
756,6,2,0,4,2,2,1,3,35,1,6,1,0,0,2,
757,6,2,0,4,4,2,1,4,44,1,6,1,0,0,2,
758,6,1,0,5,2,1,1,3,16,1,6,2,8,8,2,
759,7,1,0,6,2,1,1,3,17,1,3,1,0,0,1,
760,7,2,0,4,2,2,1,6,34,1,4,1,2,0,1,
761,7,1,0,4,2,2,3,4,37,1,3,1,2,1,1,
762,7,1,0,2,2,2,1,1,53,1,7,1,1,1,1,
763,7,1,0,2,2,1,1,6,22,2,4,2,8,8,1,
764,7,1,0,2,2,2,1,3,63,1,3,2,8,8,1,
765,7,1,2,3,2,2,1,3,45,1,8,1,3,0,1,
766,7,2,3,2,2,2,1,2,62,1,3,1,1,0,1,
767,7,1,1,2,2,2,1,2,75,1,4,1,1,0,1,
768,7,2,1,3,3,2,1,4,56,2,5,1,0,0,1,
769,7,1,1,5,2,2,1,8,41,1,4,2,8,8,1,
770,7,1,3,2,2,1,1,3,19,2,3,1,3,3,1,
771,7,1,3,2,2,2,1,3,63,1,5,1,2,0,2,
772,6,2,0,3,3,2,1,4,61,1,6,2,8,8,2,
773,6,1,0,2,2,2,3,4,65,1,5,1,0,0,2,
774,6,2,0,2,2,2,3,4,68,1,5,1,1,0,2,
775,6,1,0,1,1,3,3,4,78,1,3,2,8,8,2,
776,6,2,0,1,1,3,1,7,65,1,5,1,0,0,1,
777,6,1,0,2,2,2,3,6,26,1,7,1,7,0,1,
778,6,1,0,2,2,2,1,0,50,1,8,1,5,0,2,
779,6,2,0,2,2,2,1,8,25,1,7,1,2,0,2,
780,6,1,0,5,2,2,1,0,55,1,7,1,3,0,2,
781,6,2,0,4,2,2,1,3,49,1,7,1,1,0,1,
782,6,1,0,4,3,1,1,3,16,1,7,1,0,0,1,
783,6,1,0,4,4,1,1,3,18,1,7,1,1,0,2,
784,6,1,0,5,5,1,1,3,23,1,8,1,1,0,2,
785,6,2,0,5,5,1,1,4,19,1,8,2,8,8,2,
786,6,2,0,3,2,2,1,8,45,1,9,1,4,0,1,
787,6,2,0,3,2,2,1,8,27,1,9,1,0,0,1,
788,6,2,0,4,2,2,1,8,26,1,8,1,2,0,1,
789,6,2,0,2,2,2,1,4,56,1,9,1,4,0,2,
790,6,1,4,6,2,2,1,5,36,1,4,1,1,0,1,
791,6,2,4,3,3,2,1,1,52,1,3,1,0,0,2,
792,6,1,4,5,1,1,1,3,16,2,3,2,8,8,1,
793,6,2,4,5,1,3,1,1,33,2,3,1,1,0,1,
794,6,2,4,1,1,3,1,3,75,1,5,2,8,8,1,
795,6,1,4,2,2,2,1,2,72,1,5,2,8,8,2,
796,6,2,4,2,2,2,1,3,80,1,4,1,1,0,2,
797,6,2,4,2,2,2,1,3,59,1,3,2,8,8,1,
798,6,2,4,3,3,2,1,4,58,1,4,2,8,8,2,
799,6,1,4,5,2,2,1,3,37,1,5,2,8,8,2,
800,6,2,4,1,1,3,1,1,79,1,5,2,8,8,2,
801,6,2,4,2,2,2,1,1,66,1,3,1,3,0,2,
802,1,1,4,6,2,2,1,1,56,1,5,1,2,2,2,
803,1,2,4,6,2,1,1,3,16,1,5,2,8,8,1,
804,1,1,4,7,3,1,1,3,19,1,2,3,9,9,2,
805,1,1,4,7,3,1,1,3,40,1,2,1,5,0,2,
806,1,1,4,7,3,3,2,1,65,1,2,2,8,8,2,
807,1,2,4,3,3,3,1,5,48,1,5,2,8,8,1,
808,5,1,0,3,2,2,2,8,31,1,9,1,0,0,1,
809,5,2,0,5,2,2,2,6,37,1,8,1,0,0,2,
810,5,2,0,4,3,1,2,5,19,1,7,1,1,0,1,
811,5,1,0,1,1,1,2,0,47,1,7,1,7,0,2,
812,5,1,0,2,2,1,2,7,28,2,4,1,1,0,2,
813,5,2,0,2,2,1,2,7,23,2,5,1,0,0,2,
814,5,1,0,2,2,2,2,4,68,1,1,1,0,0,2,
815,5,1,0,6,3,1,2,5,18,1,5,2,8,8,2,
816,5,1,0,6,3,2,2,4,51,1,5,2,8,8,2,
817,5,1,0,4,2,2,2,5,40,1,9,1,2,0,1,
818,5,2,0,2,2,2,2,8,45,1,5,1,0,0,1,
819,5,2,0,5,3,2,2,4,45,1,5,1,0,0,2,
820,5,2,0,3,2,2,2,3,50,2,4,2,8,8,2,
821,5,2,0,4,3,3,2,3,60,2,4,2,8,8,2,
822,5,2,0,1,1,2,2,3,71,1,5,2,8,8,2,
823,5,2,0,4,2,2,2,3,32,2,5,1,0,0,2,
824,5,1,0,2,2,2,2,4,66,2,6,1,1,0,2,
825,5,2,0,3,2,3,2,3,69,1,5,2,8,8,2,
826,5,2,0,3,3,2,2,2,55,1,6,1,1,0,2,
827,5,1,0,2,2,3,2,2,75,1,2,1,7,0,1,
828,5,2,0,4,3,2,2,6,42,1,4,1,3,0,2,
829,5,2,0,3,2,1,2,4,18,2,2,2,8,8,2,
830,5,1,0,3,3,1,2,4,20,2,2,1,0,0,1,
831,5,2,0,3,3,2,2,6,38,1,7,1,7,0,2,
832,5,1,0,2,2,2,2,2,74,1,4,2,8,8,2,
833,5,2,0,1,1,1,2,3,41,2,2,2,8,8,1,
834,5,1,0,2,2,1,2,3,44,1,3,1,3,0,2,
835,5,2,0,2,2,3,2,2,77,1,3,2,8,8,2,
836,5,2,0,2,2,2,2,3,47,1,6,1,1,0,2,
837,5,1,0,2,2,2,2,1,75,1,4,1,1,0,2,
838,5,1,0,4,4,2,2,6,25,2,9,1,0,0,2,
839,5,1,0,2,2,2,2,4,32,1,5,1,1,0,1,
840,5,1,0,3,3,1,2,4,38,2,9,1,3,1,1,
841,5,2,0,3,3,2,2,2,59,1,9,2,8,8,1,
842,5,2,0,4,4,2,2,2,51,1,5,1,0,0,1,
843,5,2,0,4,4,1,2,4,21,2,5,1,1,0,1,
844,5,1,4,6,4,2,2,2,51,1,4,1,3,0,2,
845,5,2,4,6,4,1,2,3,17,1,4,2,8,8,2,
846,5,1,4,5,2,2,2,4,42,1,6,1,1,0,1,
847,5,2,4,5,2,2,2,4,35,1,6,1,1,0,1,
848,5,1,4,3,3,2,2,2,51,1,6,1,3,2,1,
849,5,1,4,4,2,1,2,3,15,1,7,1,0,0,1,
850,5,1,3,2,2,2,1,2,56,2,5,1,2,0,1,
851,5,1,3,5,2,2,2,2,37,1,9,1,3,0,1,
852,5,1,1,2,2,1,2,3,25,1,5,1,1,0,1,
853,5,1,3,4,2,1,2,1,16,1,6,1,0,0,1,
854,5,2,3,5,2,2,1,2,35,1,6,2,8,8,1,
855,5,1,3,2,1,1,2,4,17,2,1,1,0,0,1,
856,5,2,3,6,2,2,2,4,33,1,3,1,0,0,2,
857,5,1,1,7,2,2,2,1,34,1,5,1,0,0,1,
858,5,2,1,2,2,1,2,8,22,2,5,2,8,8,2,
859,5,1,3,6,5,1,2,5,19,1,5,1,1,0,2,
860,5,1,3,6,5,2,2,1,51,1,5,1,1,0,1,
861,5,2,3,6,5,1,2,5,18,1,5,1,2,0,2,
862,5,1,3,8,2,2,2,2,42,1,5,1,1,0,2,
863,5,2,1,2,2,2,2,4,18,2,5,1,0,0,2,
864,5,1,1,3,2,1,2,1,79,2,1,2,8,8,2,
865,5,2,1,3,2,3,1,3,72,2,1,2,8,8,2,
866,5,2,1,2,2,2,2,3,63,2,5,2,8,8,1,
867,5,1,1,3,2,2,2,3,31,2,4,1,5,0,1,
868,5,2,1,2,2,2,2,4,19,2,5,1,1,0,1,
869,5,2,1,4,4,3,2,2,75,2,5,1,0,0,1,
870,5,2,1,4,3,2,2,2,57,1,3,2,8,8,2,
871,5,2,1,4,3,1,2,4,18,1,3,1,0,0,2,
872,5,2,3,2,2,2,2,1,58,2,5,1,1,0,2,
873,5,1,1,3,2,2,2,1,51,1,5,1,0,0,1,
874,5,2,1,4,3,2,2,1,47,1,6,2,8,8,1,
875,5,1,1,1,1,3,2,1,55,1,7,2,8,8,2,
876,5,2,1,3,2,2,2,3,22,1,7,1,2,0,1,
877,5,1,2,8,4,2,2,1,49,1,3,1,0,0,1,
878,5,1,1,1,1,1,2,1,59,1,1,1,1,0,2,
879,5,2,3,2,2,2,2,1,72,1,1,2,8,8,1,
880,5,1,1,3,3,1,2,3,34,1,3,1,0,0,2,
881,5,2,1,2,2,2,2,4,21,2,2,1,0,0,2,
882,5,2,1,2,2,2,2,1,81,1,4,2,8,8,2,
883,5,2,3,2,2,1,2,4,22,2,3,1,1,0,1,
884,5,1,0,3,2,2,2,1,67,2,3,1,0,0,2,
885,5,2,0,3,3,1,2,4,18,1,5,1,0,0,2,
886,5,2,0,2,2,2,2,1,59,1,5,2,8,8,1,
887,5,1,0,3,2,2,2,3,26,2,5,1,1,0,1,
888,5,1,0,6,2,1,2,3,17,1,5,1,0,0,2,
889,5,2,0,2,2,2,2,1,57,2,5,1,1,0,2,
890,5,2,4,2,2,2,2,1,75,1,5,2,8,8,2,
891,5,1,4,5,4,2,2,1,66,2,3,2,8,8,2,
892,5,1,4,2,2,2,2,6,28,1,8,1,2,0,1,
893,5,2,4,3,3,1,2,4,55,1,5,1,0,0,1,
894,5,1,4,4,2,2,2,4,41,1,5,1,2,0,2,
895,5,2,4,3,2,2,2,6,26,1,5,2,8,8,2,
896,5,1,4,4,3,2,2,1,79,1,5,1,1,0,2,
897,5,2,4,2,2,2,2,3,56,1,3,1,2,0,1,
898,5,1,4,2,2,2,2,1,67,1,3,1,2,0,1,
899,5,2,4,4,3,1,2,3,15,1,3,1,0,0,1,
900,5,1,4,3,2,1,2,3,15,1,8,1,0,0,1,
901,5,1,4,3,3,3,2,3,46,1,3,1,1,1,2,
902,5,1,1,3,3,2,2,1,58,1,1,2,8,8,2,
903,5,1,3,3,3,2,2,2,73,2,1,2,8,8,1,
904,5,1,2,2,2,2,2,2,24,1,1,2,8,8,2,
905,5,1,1,3,3,2,2,2,68,2,1,1,1,0,2,
906,5,2,2,7,6,2,2,4,51,1,3,1,0,0,2,
907,5,1,1,3,2,2,2,4,32,2,1,2,8,8,1,
908,5,1,2,5,2,2,2,4,32,1,2,1,5,0,2,
909,0,1,0,2,2,1,1,6,27,2,5,1,5,0,1,
910,0,1,0,2,2,2,3,8,30,2,5,1,1,0,2,
911,0,1,0,2,2,1,1,8,25,2,8,1,3,0,1,
912,0,2,0,1,1,1,1,8,28,2,5,1,2,0,1,
913,0,2,0,1,1,3,3,1,72,1,3,2,8,8,2,
914,0,2,0,2,2,1,1,8,32,2,5,1,7,0,1,
915,0,1,0,2,2,2,2,8,55,1,8,1,7,4,2,
916,0,1,0,2,2,2,1,6,76,1,8,1,1,0,2,
917,0,1,0,2,2,2,1,4,66,1,8,1,7,2,1,
918,0,1,0,2,2,2,1,5,73,1,7,1,0,0,2,
919,0,2,0,2,2,2,1,4,60,1,7,2,8,8,2,
920,0,1,0,2,2,2,1,8,55,1,8,1,3,0,1,
921,0,2,0,2,2,2,1,3,66,1,5,2,8,8,2,
922,0,1,0,2,2,2,1,3,60,1,5,2,8,8,2,
923,0,1,0,4,2,2,1,4,70,1,6,2,8,8,2,
924,0,1,0,8,7,1,1,4,19,1,6,2,8,8,2,
925,0,1,0,5,2,2,1,4,26,2,5,1,7,5,1,
926,0,1,0,2,2,3,1,3,54,1,5,3,9,9,2,
927,0,2,0,4,3,1,1,4,18,1,7,1,1,1,1,
928,0,2,0,4,3,2,1,3,44,1,7,1,1,0,1,
929,0,2,0,4,2,2,1,6,32,1,7,1,1,0,1,
930,0,1,0,2,2,2,2,3,68,1,5,1,0,0,1,
931,0,2,0,2,2,2,1,2,66,1,5,1,0,0,1,
932,0,1,0,4,3,2,3,6,48,1,7,1,3,0,1,
933,0,2,0,4,3,2,3,5,48,1,7,1,3,0,1,
934,0,2,0,4,2,2,1,5,37,1,5,2,8,8,1,
935,0,2,0,1,1,3,1,1,64,1,2,1,1,0,1,
936,0,2,0,3,2,2,1,5,21,2,3,1,0,0,1,
937,0,2,0,2,2,1,1,3,50,1,1,2,8,8,1,
938,0,2,0,4,3,2,1,3,21,1,3,1,1,0,1,
939,0,2,3,2,2,2,1,4,55,1,4,1,0,0,2,
940,0,2,2,2,2,2,1,3,51,1,4,1,7,0,2,
941,0,1,2,2,2,2,1,4,68,1,4,1,0,0,2,
942,0,2,1,3,2,2,1,4,21,1,4,1,0,0,1,
943,0,2,1,2,2,2,1,3,50,2,5,1,6,0,1,
944,0,2,1,4,2,2,1,4,27,1,5,1,0,0,1,
945,0,2,3,4,2,1,1,3,17,1,5,2,8,8,1,
946,0,2,0,2,2,2,1,4,23,1,4,1,3,0,1,
947,0,1,0,2,2,2,3,3,49,1,5,1,7,0,2,
948,0,2,0,2,2,2,1,8,24,2,5,1,1,0,1,
949,0,2,0,2,2,1,1,3,16,2,4,1,0,0,1,
950,0,1,0,2,2,2,3,1,59,1,5,2,8,8,1,
951,0,2,0,2,2,2,1,3,59,1,5,1,4,0,1,
952,3,2,0,3,2,2,1,3,27,1,5,1,0,0,2,
953,3,1,0,4,2,2,1,3,41,1,5,2,8,8,1,
954,3,2,0,6,2,2,1,3,36,1,5,1,0,0,1,
955,3,2,0,3,2,2,1,3,31,1,5,1,0,0,1,
956,3,2,0,9,4,2,1,3,28,2,7,2,8,8,1,
957,3,2,0,4,2,2,1,6,29,1,5,1,0,0,1,
958,3,2,0,5,4,2,1,3,48,1,5,2,8,8,2,
959,3,2,0,3,2,2,1,0,39,1,8,2,8,8,2,
960,3,2,0,4,4,2,1,3,56,1,4,1,3,0,2,
961,3,1,0,2,2,2,2,4,71,1,3,2,8,8,2,
962,3,2,0,2,2,2,1,3,55,1,7,1,0,0,2,
963,3,1,0,2,2,2,1,4,61,1,5,1,1,0,2,
964,3,2,0,5,2,2,1,8,38,2,7,1,1,0,1,
965,3,2,0,4,2,2,1,4,32,2,5,1,0,0,1,
966,3,2,0,3,2,2,1,6,26,2,6,1,1,0,1,
967,3,2,0,2,2,2,1,4,24,2,5,1,1,0,1,
968,3,1,0,5,5,1,1,3,20,2,5,2,8,8,1,
969,3,2,0,2,2,2,1,6,20,2,5,1,0,0,1,
970,6,1,0,4,2,2,1,3,46,1,5,1,0,0,2,
971,6,2,0,4,2,1,3,3,17,1,5,2,8,8,2,
972,6,1,0,2,2,2,1,4,24,1,6,1,1,0,2,
973,6,2,0,1,1,1,3,3,49,2,4,2,8,8,2,
974,6,2,0,2,1,3,3,5,32,1,6,2,8,8,2,
975,6,2,0,2,2,2,1,3,63,1,5,1,1,0,2,
976,6,1,0,4,4,1,1,4,21,1,7,1,2,0,2,
977,6,1,0,4,4,2,1,4,58,1,7,1,2,0,2,
978,6,1,0,6,2,1,1,3,15,1,5,1,0,0,2,
979,6,2,0,6,2,1,1,3,17,1,6,2,8,8,2,
980,6,1,0,3,2,2,1,8,31,1,6,1,0,0,2,
981,6,1,0,3,3,1,1,4,21,1,5,1,2,0,2,
982,0,2,0,2,2,3,3,4,65,1,4,2,8,8,2,
983,0,2,0,2,2,2,3,4,60,1,4,1,1,0,2,
984,0,1,0,3,2,2,1,8,49,1,5,1,1,0,1,
985,0,2,0,2,2,1,1,4,45,1,4,2,8,8,2,
986,0,1,0,2,2,1,1,7,31,1,3,1,2,0,1,
987,0,2,0,3,3,3,1,7,64,1,4,1,3,0,1,
988,0,1,0,2,2,2,1,8,35,2,8,1,5,1,1,
989,0,2,0,2,2,2,1,5,75,1,6,2,8,8,2,
990,0,1,0,2,2,1,1,8,24,2,8,1,3,1,1,
991,0,1,0,2,2,1,3,8,25,2,8,1,2,0,1,
992,0,1,0,2,2,2,1,8,38,1,8,1,5,0,1,
993,0,2,0,4,2,2,1,8,32,1,9,1,3,0,1,
994,0,2,0,2,2,2,1,3,59,1,5,2,8,8,2,
995,0,1,0,2,2,2,2,3,56,1,4,1,2,0,1,
996,0,1,0,4,4,2,1,5,48,1,5,2,8,8,1,
997,0,2,0,6,3,2,3,3,25,1,6,2,8,8,1,
998,0,2,0,2,2,2,1,7,23,1,5,2,8,8,2,
999,0,1,0,4,3,1,1,3,17,1,6,1,0,0,1,
1000,0,1,0,4,3,1,1,3,18,1,5,1,2,2,2,
1001,0,1,0,5,2,1,3,3,16,1,5,2,8,8,1,
1002,0,1,0,5,2,2,3,3,55,1,4,2,8,8,1,
1003,0,1,0,5,5,1,1,4,23,1,5,1,0,0,1,
1004,0,2,0,5,4,2,3,4,48,1,5,1,0,0,2,
1005,0,1,0,2,2,3,1,3,51,2,4,1,0,0,1,
1006,0,1,0,3,3,2,3,1,48,2,3,1,0,0,1,
1007,0,2,0,3,2,1,1,5,25,2,5,1,0,0,1,
1008,0,1,0,5,2,2,1,3,39,1,6,1,1,0,1,
1009,0,1,0,2,2,1,1,4,23,1,5,1,3,2,2,
1010,0,2,0,1,1,3,3,3,58,1,5,1,2,0,2,
1011,0,1,0,3,2,1,1,3,16,1,5,2,8,8,2,
1012,0,1,2,2,2,2,1,8,55,1,6,1,7,0,1,
1013,0,1,3,3,2,1,1,3,17,1,6,1,0,0,1,
1014,0,1,3,1,1,1,1,4,24,1,4,1,6,0,2,
1015,0,2,2,3,2,2,1,8,51,1,5,2,8,8,2,
1016,0,2,3,2,2,2,1,8,36,1,6,1,3,0,1,
1017,0,2,2,4,4,2,1,8,51,1,6,1,1,0,2,
1018,0,1,2,6,5,2,1,4,56,1,5,1,7,0,1,
1019,0,2,4,3,1,3,1,8,42,1,5,1,4,0,2,
1020,0,1,4,6,2,2,1,1,38,1,4,1,3,0,1,
1021,0,1,4,2,2,2,1,7,25,2,5,1,2,0,1,
1022,0,2,4,3,2,2,1,3,18,2,3,1,0,0,1,
1023,0,1,4,3,3,1,1,3,20,2,3,1,4,1,1,
1024,0,1,4,3,3,1,1,3,22,2,4,1,7,2,1,
1025,0,2,4,2,2,2,1,2,65,2,6,1,0,0,1,
1026,0,1,1,2,1,3,1,8,47,1,8,1,1,0,1,
1027,0,1,1,2,2,2,2,3,71,1,2,1,0,0,2,
1028,0,2,1,3,3,3,2,6,93,1,4,2,8,8,1,
1029,0,2,1,1,1,3,3,3,70,1,4,1,1,0,1,
1030,0,2,1,5,2,2,1,3,40,1,6,1,1,1,2,
1031,0,2,1,5,2,1,1,3,15,1,5,1,0,0,1,
1032,0,1,1,4,2,2,1,3,30,1,6,1,2,0,1,
1033,9,1,0,1,1,1,1,2,30,2,4,2,8,8,1,
1034,9,2,0,1,1,1,1,7,21,2,4,1,1,0,1,
1035,9,1,0,1,1,1,1,8,25,2,4,1,1,0,1,
1036,9,1,0,2,2,2,3,7,25,2,4,1,1,0,2,
1037,9,2,0,1,1,1,1,8,26,2,4,1,2,0,1,
1038,9,1,0,2,2,2,1,8,23,2,4,1,1,0,1,
1039,9,1,0,3,2,2,3,3,56,1,6,1,0,0,1,
1040,9,1,0,3,2,2,3,7,49,1,6,1,1,0,1,
1041,9,2,0,4,2,2,1,6,35,1,6,1,0,0,2,
1042,9,2,0,5,2,2,1,6,34,1,5,1,1,0,2,
1043,9,2,0,4,2,2,3,5,25,2,5,2,8,8,1,
1044,9,1,0,4,3,2,1,6,46,2,6,1,7,0,2,
1045,9,2,0,4,2,2,1,8,35,2,5,1,7,0,1,
1046,9,2,0,2,2,2,1,4,24,2,5,1,3,0,1,
1047,9,1,0,4,2,2,1,8,31,2,6,1,7,0,1,
1048,9,2,0,2,2,2,1,8,23,2,5,1,0,0,1,
1049,6,2,0,1,1,3,1,4,83,1,7,1,7,0,2,
1050,6,1,0,2,2,1,1,8,65,1,4,1,7,0,1,
1051,6,2,0,2,2,2,1,6,58,1,7,1,0,0,2,
1052,6,1,0,4,2,1,1,3,15,1,6,2,8,8,2,
1053,6,1,0,4,2,2,1,0,49,1,5,1,7,0,1,
1054,6,1,0,1,1,1,1,8,40,1,7,1,5,0,2,
1055,6,2,0,4,2,2,3,1,33,2,3,2,8,8,1,
1056,6,1,0,3,3,1,3,7,18,2,3,1,0,0,1,
1057,6,1,0,1,1,1,1,8,25,2,2,1,1,0,2,
1058,6,1,0,1,1,1,1,6,24,2,3,1,5,1,1,
1059,6,1,0,1,1,1,1,6,22,2,2,1,7,0,1,
1060,6,1,0,2,2,2,3,1,57,2,3,1,7,0,2,
1061,6,2,0,4,2,2,1,3,21,2,3,1,1,0,1,
1062,6,1,0,3,3,2,1,3,53,1,4,1,1,1,1,
1063,6,2,0,4,2,2,2,2,20,1,5,1,0,0,2,
1064,6,2,0,4,2,2,3,2,30,1,5,2,8,8,2,
1065,6,2,0,4,2,3,1,3,24,2,2,1,0,0,1,
1066,6,2,0,4,2,2,2,3,40,1,5,2,8,8,2,
1067,6,2,0,4,2,2,1,7,33,1,6,1,0,0,1,
1068,6,1,0,4,2,2,1,6,33,1,5,1,1,0,1,
1069,6,2,0,4,2,2,1,7,34,1,6,1,2,0,2,
1070,6,1,0,2,2,2,1,8,28,1,6,1,4,0,1,
1071,6,2,0,3,3,2,1,3,67,1,5,1,2,0,2,
1072,6,1,0,2,2,1,2,7,21,2,4,1,0,0,2,
1073,6,2,0,6,4,2,2,3,45,1,5,1,1,0,2,
1074,6,1,0,4,4,2,1,2,47,1,4,2,8,8,1,
1075,6,1,0,2,2,2,1,3,30,1,4,1,1,0,1,
1076,6,2,0,4,2,2,3,3,33,1,4,1,0,0,1,
1077,6,1,0,5,3,1,1,5,20,1,6,1,0,0,1,
1078,6,2,0,2,2,2,1,3,56,1,4,1,0,0,2,
1079,6,2,0,2,2,3,1,4,78,2,6,1,1,0,1,
1080,6,2,0,1,1,1,1,3,77,2,6,2,8,8,1,
1081,6,1,0,2,2,2,1,2,67,2,6,1,5,0,2,
1082,6,2,0,1,1,3,1,2,73,2,5,2,8,8,1,
1083,6,2,0,4,4,2,1,1,37,2,6,1,3,0,2,
1084,6,2,0,4,3,1,1,3,15,2,6,2,8,8,1,
1085,5,2,0,6,5,1,2,5,17,1,7,1,0,0,1,
1086,5,2,0,2,2,2,2,1,55,1,6,1,0,0,1,
1087,5,1,0,2,2,2,2,1,67,1,6,2,8,8,1,
1088,5,1,0,7,4,1,2,3,17,1,8,1,0,0,2,
1089,5,2,0,7,4,2,2,2,40,1,8,1,0,0,2,
1090,5,2,0,5,3,2,2,3,39,1,8,2,8,8,1,
1091,5,2,0,7,2,2,1,6,35,2,6,2,8,8,1,
1092,5,1,0,3,1,1,1,3,17,2,5,1,0,0,1,
1093,5,2,0,3,1,3,1,5,37,2,5,1,2,0,1,
1094,5,1,0,5,2,2,2,8,28,1,4,1,1,0,1,
1095,5,2,0,4,2,3,2,4,53,2,3,2,8,8,1,
1096,5,1,0,8,6,1,2,4,27,1,5,1,1,0,1,
1097,5,1,4,1,1,1,2,3,23,2,1,1,1,0,1,
1098,5,2,4,3,3,2,2,1,46,1,5,1,0,0,2,
1099,5,2,4,3,2,2,2,1,42,1,5,1,0,0,2,
1100,5,2,4,3,2,2,2,3,33,2,4,2,8,8,1,
1101,5,1,4,3,3,2,2,1,70,1,2,1,1,0,2,
1102,5,2,4,2,2,1,2,1,74,1,1,1,0,0,2,
1103,4,1,0,2,2,1,2,8,28,1,7,1,7,0,2,
1104,4,2,0,5,2,2,2,8,42,1,8,1,1,0,2,
1105,4,1,0,4,4,1,2,6,23,1,8,1,4,2,2,
1106,4,1,0,5,1,3,1,5,31,1,5,1,1,0,1,
1107,4,1,0,4,3,3,3,3,61,1,3,1,7,0,2,
1108,4,2,0,1,1,3,2,3,38,2,2,1,1,0,1,
1109,4,2,0,2,2,2,1,3,49,1,6,2,8,8,2,
1110,4,2,0,4,2,2,1,3,31,1,7,2,8,8,1,
1111,4,1,0,6,2,2,3,4,38,1,6,3,9,9,2,
1112,4,1,0,6,3,2,1,4,31,1,6,1,1,0,1,
1113,4,2,0,6,3,2,1,4,28,1,6,1,1,0,1,
1114,4,1,0,3,2,2,1,8,48,1,6,1,2,0,2,
1115,4,2,4,4,2,2,2,4,25,1,6,1,0,0,1,
1116,4,1,4,8,2,1,1,3,15,1,5,2,8,8,2,
1117,4,2,4,8,2,2,1,3,42,1,5,1,1,0,2,
1118,4,1,4,6,3,1,2,3,18,1,5,2,8,8,2,
1119,4,2,4,6,3,2,2,1,40,1,5,2,8,8,2,
1120,4,2,4,4,2,2,1,4,27,1,6,1,0,0,1,
1121,1,1,3,4,4,1,1,3,24,1,4,1,3,0,2,
1122,1,1,1,1,1,1,1,1,63,1,3,2,8,8,1,
1123,1,1,1,2,2,2,1,3,78,1,3,2,8,8,1,
1124,1,1,3,5,4,2,1,1,71,1,5,1,2,0,2,
1125,1,1,1,3,2,3,1,1,44,1,2,2,8,8,1,
1126,1,1,3,2,2,2,1,1,75,1,4,2,8,8,1,
1127,1,1,1,2,2,1,1,1,56,1,4,2,8,8,1,
1128,4,1,2,2,2,2,1,3,54,1,6,2,8,8,2,
1129,4,1,1,4,3,1,1,3,20,1,5,1,1,0,1,
1130,4,2,3,4,3,2,1,3,47,1,5,2,8,8,2,
1131,4,1,3,3,2,2,1,3,49,2,6,1,0,0,1,
1132,4,1,1,2,2,2,1,4,27,1,7,1,1,0,2,
1133,4,2,1,6,3,2,1,3,39,1,7,1,1,0,2,
1134,4,1,3,2,2,2,1,3,59,1,6,2,8,8,1,
1135,5,2,0,1,1,3,2,8,22,2,8,1,0,0,1,
1136,5,1,0,2,2,1,2,4,20,2,5,1,5,0,1,
1137,5,1,0,2,2,1,2,2,25,2,6,2,8,8,1,
1138,5,1,0,2,2,2,2,8,28,2,9,1,0,0,2,
1139,5,1,0,6,6,1,2,4,36,2,3,1,3,0,1,
1140,5,2,0,3,2,2,2,3,20,2,4,2,8,8,1,
1141,5,2,0,4,2,2,2,4,25,2,6,1,0,0,1,
1142,5,1,0,2,2,1,2,5,18,2,3,1,2,0,1,
1143,5,2,0,2,2,2,2,1,60,2,4,2,8,8,2,
1144,5,2,0,4,3,1,2,4,20,1,8,2,8,8,1,
1145,5,1,0,2,2,1,1,4,24,2,6,1,1,0,2,
1146,5,1,0,4,3,1,3,5,19,2,6,2,8,8,2,
1147,5,1,4,9,8,2,1,1,65,1,1,2,8,8,1,
1148,5,2,4,2,2,2,2,2,56,1,1,2,8,8,1,
1149,5,2,4,5,3,2,2,2,46,2,1,1,0,0,2,
1150,5,2,4,2,2,3,2,2,82,1,3,2,8,8,1,
1151,5,2,4,4,2,2,2,4,25,2,2,2,8,8,1,
1152,5,1,4,4,3,2,2,3,63,1,6,2,8,8,1,
1153,5,2,4,4,3,1,2,4,25,1,6,2,8,8,2,
1154,5,2,4,3,3,2,2,1,58,1,5,2,8,8,1,
1155,5,1,4,2,2,2,2,1,67,2,4,1,7,0,1,
1156,5,1,4,2,2,1,2,3,26,2,3,1,2,0,1,
1157,5,1,4,2,2,2,2,3,63,1,4,2,8,8,1,
1158,5,1,2,5,2,2,2,3,31,1,6,2,8,8,1,
1159,5,1,1,7,5,1,2,5,18,1,5,1,3,0,2,
1160,5,1,1,7,5,1,2,5,23,1,5,1,2,0,1,
1161,5,2,1,7,5,1,2,4,21,1,5,2,8,8,2,
1162,5,1,2,6,3,1,2,3,15,1,6,2,8,8,2,
1163,5,1,2,6,3,1,2,5,21,1,5,1,7,0,2,
1164,5,2,2,3,2,2,2,5,24,1,6,2,8,8,1,
1165,5,2,3,4,2,2,2,3,32,1,3,2,8,8,2,
1166,5,1,3,5,2,2,2,1,39,1,1,2,8,8,2,
1167,5,1,2,7,3,2,2,1,45,1,5,2,8,8,2,
1168,5,2,3,5,2,2,2,3,30,1,5,2,8,8,1,
1169,5,2,3,2,2,3,2,1,63,1,1,2,8,8,2,
1170,5,1,3,2,2,2,2,1,66,1,2,2,8,8,2,
1171,5,1,3,4,2,2,2,1,29,1,3,1,4,0,1,
1172,5,1,2,10,6,2,2,1,45,1,5,1,0,0,2,
1173,5,1,2,5,2,2,2,1,39,1,3,2,8,8,1,
1174,5,1,2,7,2,2,2,1,41,1,3,1,2,0,1,
1175,5,1,2,6,2,2,2,1,53,1,1,2,8,8,2,
1176,5,2,2,6,2,1,2,1,17,1,1,2,8,8,2,
1177,5,2,2,8,3,1,2,3,18,1,8,1,1,0,2,
1178,5,1,3,1,1,1,2,3,53,1,1,1,2,0,2,
1179,6,2,0,4,4,2,3,1,45,1,5,2,8,8,2,
1180,6,2,0,4,2,2,3,2,31,1,3,1,0,0,2,
1181,6,1,0,5,4,1,3,3,17,1,4,1,0,0,1,
1182,6,1,0,5,4,1,3,3,21,1,4,1,7,0,2,
1183,6,2,0,1,1,3,1,6,60,1,7,1,1,0,1,
1184,6,2,0,2,2,2,1,6,59,1,7,1,7,0,1,
1185,6,2,0,2,2,2,1,3,51,1,5,1,7,0,2,
1186,6,2,0,3,3,2,1,8,44,1,8,1,7,0,2,
1187,6,1,0,2,2,2,1,8,72,1,8,1,7,0,2,
1188,6,1,0,4,2,2,1,7,36,1,7,1,7,0,1,
1189,6,2,0,2,2,3,1,2,62,2,4,1,1,0,1,
1190,6,2,0,3,2,3,1,3,47,2,4,1,0,0,1,
1191,6,1,0,2,2,2,1,1,83,2,4,2,8,8,2,
1192,6,2,0,2,2,2,3,9,55,2,3,3,9,9,2,
1193,6,2,0,3,1,3,1,3,22,2,2,1,1,0,1,
1194,6,1,0,3,3,2,1,3,18,2,4,1,0,0,2,
1195,6,2,0,3,2,1,1,8,28,1,7,1,3,0,1,
1196,6,1,0,3,2,2,1,3,23,1,6,1,0,0,2,
1197,6,1,0,4,2,2,1,4,34,1,6,1,3,2,1,
1198,6,2,0,4,2,2,1,5,50,1,7,1,0,0,2,
1199,6,1,0,4,2,2,1,4,50,1,7,1,7,0,2,
1200,6,2,0,4,2,2,1,3,35,1,5,1,0,0,1,
1201,6,1,0,9,9,1,3,3,21,1,4,1,2,2,2,
1202,6,1,0,9,9,1,3,3,22,1,4,2,8,8,2,
1203,6,1,0,9,9,2,3,9,80,1,4,2,8,8,1,
1204,6,2,0,9,9,1,3,3,23,1,4,2,8,8,2,
1205,6,2,0,9,9,2,3,9,50,1,4,2,8,8,2,
1206,6,1,0,2,2,2,1,4,39,1,5,1,7,0,2,
1207,6,2,0,4,3,2,1,6,36,1,5,1,2,0,1,
1208,6,2,0,2,2,2,1,5,46,2,5,1,6,0,1,
1209,6,1,0,3,2,2,1,5,46,1,5,1,4,0,1,
1210,6,2,0,5,3,1,1,3,18,1,5,1,1,0,1,
1211,6,2,0,3,2,2,1,5,23,1,5,1,6,0,1,
1212,6,2,0,4,2,2,1,8,29,1,6,1,5,0,1,
1213,6,1,4,5,4,1,1,3,19,1,6,1,0,0,1,
1214,6,2,4,2,2,2,1,1,57,1,5,2,8,8,1,
1215,6,2,4,3,2,2,1,1,51,1,4,2,8,8,2,
1216,6,1,4,2,1,3,1,5,61,2,4,1,3,0,2,
1217,6,1,4,1,1,1,1,1,62,2,3,1,1,0,2,
1218,6,2,4,1,1,1,1,8,64,1,5,2,8,8,2,
1219,6,2,1,2,2,2,1,3,21,2,5,1,1,0,1,
1220,6,2,3,2,2,3,1,2,89,1,5,2,8,8,2,
1221,6,2,1,2,2,2,1,3,61,1,4,1,7,0,1,
1222,6,1,1,1,1,1,1,1,57,1,3,1,5,0,2,
1223,6,2,1,1,1,1,1,4,71,1,6,1,2,0,1,
1224,6,2,3,1,1,3,1,3,78,1,5,2,8,8,2,
1225,6,2,1,2,2,2,1,2,23,1,5,2,8,8,2,
1226,8,2,0,2,2,3,3,1,57,1,3,1,1,0,2,
1227,8,1,0,3,3,1,1,2,62,1,2,2,8,8,2,
1228,8,1,0,4,2,2,1,4,25,2,5,1,1,1,2,
1229,8,2,0,1,1,3,3,3,61,1,2,2,8,8,1,
1230,8,1,0,1,1,1,3,4,68,1,2,1,0,0,1,
1231,8,2,0,3,2,2,1,2,58,1,3,1,0,0,1,
1232,8,1,0,6,2,1,1,3,15,1,6,1,0,0,2,
1233,8,2,0,2,2,2,1,7,20,2,4,1,1,0,1,
1234,8,2,0,3,2,2,1,6,24,2,4,1,0,0,1,
1235,8,2,0,1,1,3,1,4,63,1,2,1,0,0,2,
1236,8,1,0,2,2,2,1,0,46,2,1,1,0,0,2,
1237,8,2,0,1,1,3,3,4,80,1,4,1,0,0,2,
1238,8,1,0,2,2,2,1,9,55,1,2,1,2,0,2,
1239,8,1,0,2,2,2,1,2,87,1,3,1,0,0,2,
1240,9,2,0,6,5,2,1,3,45,2,3,1,1,0,2,
1241,9,2,0,5,3,2,1,3,37,1,8,2,8,8,1,
1242,9,2,0,4,3,2,1,8,58,1,5,1,2,0,1,
1243,9,2,0,1,1,1,1,8,23,2,5,1,0,0,1,
1244,9,2,0,3,3,2,1,8,70,1,4,2,8,8,2,
1245,9,2,0,4,2,2,3,3,54,1,5,2,8,8,2,
1246,6,1,0,3,2,2,1,7,28,2,4,1,1,0,1,
1247,6,1,0,3,2,2,1,3,44,2,4,2,8,8,1,
1248,6,2,0,2,2,1,1,7,20,2,4,1,0,0,1,
1249,6,2,0,4,3,1,1,3,16,2,4,1,0,0,1,
1250,6,2,0,2,2,2,1,4,24,2,4,2,8,8,1,
1251,6,1,0,3,2,2,1,3,24,2,4,1,1,0,2,
1252,6,2,0,6,5,2,3,2,43,1,5,1,0,0,2,
1253,6,1,0,1,1,3,1,1,74,2,3,1,1,0,1,
1254,6,2,0,3,2,2,1,4,26,1,5,1,1,0,2,
1255,6,2,0,4,3,3,3,2,64,1,4,1,0,0,2,
1256,6,2,0,3,2,3,3,1,43,1,4,2,8,8,2,
1257,6,1,0,4,2,2,3,2,44,1,5,1,7,0,2,
1258,6,1,1,2,2,2,1,3,30,1,5,1,0,0,2,
1259,6,2,3,2,2,2,1,3,50,1,5,2,8,8,2,
1260,6,2,1,1,1,3,1,5,74,1,5,2,8,8,2,
1261,6,2,1,5,2,2,2,5,30,1,5,2,8,8,2,
1262,6,2,1,4,2,2,1,3,41,1,8,1,0,0,2,
1263,6,2,3,4,2,1,1,3,17,1,3,2,8,8,2,
1264,6,2,3,4,2,1,1,3,15,1,3,2,8,8,2,
1265,6,2,0,2,2,2,1,3,58,1,6,1,0,0,2,
1266,6,1,0,6,5,3,1,2,84,1,6,1,1,0,2,
1267,6,2,0,2,2,3,1,1,82,1,5,1,2,0,2,
1268,6,1,0,3,3,2,1,4,74,1,6,1,1,0,1,
1269,6,2,0,4,2,2,1,4,42,1,6,1,0,0,2,
1270,6,2,3,1,1,3,1,2,63,1,3,1,0,0,1,
1271,6,1,1,4,3,2,1,4,40,1,5,1,1,0,1,
1272,6,2,3,4,2,2,2,2,44,2,1,1,0,0,1,
1273,6,1,3,4,2,2,3,7,48,1,8,1,7,0,1,
1274,6,2,3,1,1,3,3,2,69,1,5,1,0,0,1,
1275,6,1,1,4,3,2,3,6,45,1,5,1,0,0,2,
1276,6,2,3,4,2,2,1,3,26,1,4,2,8,8,1,
1277,6,1,1,3,3,1,2,3,21,1,5,1,3,3,1,
1278,6,1,1,5,2,2,1,2,48,1,4,1,3,3,2,
1279,6,2,1,2,2,2,2,3,49,1,6,2,8,8,1,
1280,6,2,1,7,3,2,1,3,32,1,6,1,2,0,1,
1281,6,2,1,5,2,2,2,3,46,1,5,1,2,0,1,
1282,6,2,1,3,2,2,1,4,31,1,4,1,3,0,1,
1283,0,2,0,6,4,1,3,7,18,1,4,2,8,8,2,
1284,0,2,0,3,3,2,3,3,46,1,3,1,0,0,1,
1285,0,1,0,4,4,1,1,4,22,1,3,2,8,8,2,
1286,0,1,0,3,3,1,3,4,18,1,2,2,8,8,2,
1287,0,1,0,6,4,1,1,3,15,1,5,2,8,8,2,
1288,0,1,0,2,2,2,3,3,60,1,3,2,8,8,1,
1289,0,2,0,2,2,2,1,8,55,1,5,1,1,0,1,
1290,0,2,0,1,1,3,1,4,22,1,5,2,8,8,2,
1291,0,2,0,2,2,2,1,3,67,1,5,1,1,0,2,
1292,0,2,0,4,2,2,1,3,29,1,5,1,0,0,1,
1293,0,2,0,2,2,2,1,3,52,1,5,1,7,0,1,
1294,0,2,0,2,2,2,1,3,52,1,5,1,2,0,2,
1295,0,1,0,3,1,1,1,3,16,2,2,2,8,8,1,
1296,0,1,0,2,2,2,1,3,80,1,3,2,8,8,1,
1297,0,1,0,2,2,2,3,1,71,1,4,2,8,8,2,
1298,0,1,0,2,2,1,3,3,48,2,3,3,9,9,1,
1299,0,2,0,2,2,2,3,3,56,1,5,2,8,8,2,
1300,0,1,0,2,2,2,1,4,83,1,5,2,8,8,2,
1301,0,2,0,3,2,1,1,3,52,2,5,1,2,0,1,
1302,0,1,0,4,2,1,1,3,17,1,5,1,0,0,1,
1303,0,1,0,3,2,3,3,6,45,1,9,2,8,8,1,
1304,0,1,0,4,4,1,1,3,21,1,5,1,3,0,2,
1305,0,1,0,3,2,1,3,6,32,1,6,2,8,8,1,
1306,0,1,0,4,4,2,3,3,56,1,6,1,1,0,2,
1307,0,1,3,2,2,1,1,1,30,1,5,1,0,0,2,
1308,0,2,3,5,2,2,3,1,29,2,4,1,1,0,2,
1309,0,1,3,4,2,2,3,1,35,1,5,1,1,0,2,
1310,0,2,3,3,3,3,1,1,89,1,5,2,8,8,2,
1311,0,2,3,5,3,2,1,4,53,1,5,1,1,0,1,
1312,0,1,3,2,2,2,1,7,31,1,5,1,3,0,1,
1313,0,1,4,4,2,2,1,4,36,1,6,2,8,8,2,
1314,0,2,1,4,3,2,1,7,43,1,7,2,8,8,2,
1315,0,2,4,4,2,2,1,4,34,1,7,1,2,0,2,
1316,0,1,4,4,2,2,1,8,42,1,8,3,9,9,1,
1317,0,2,4,3,2,2,1,4,32,1,7,1,7,0,1,
1318,0,2,4,2,2,2,1,4,34,1,8,1,0,0,1,
1319,0,1,2,3,3,2,1,1,62,2,3,1,1,0,2,
1320,0,2,3,4,2,2,1,4,26,2,5,1,3,0,1,
1321,0,2,3,5,2,2,3,3,34,2,4,1,7,0,1,
1322,0,1,1,2,2,2,1,6,84,2,5,2,8,8,2,
1323,0,1,3,2,2,2,3,8,25,2,4,1,3,0,1,
1324,0,1,3,2,2,2,1,4,69,1,5,1,0,0,2,
1325,0,2,3,6,4,1,1,7,20,1,6,1,1,0,1,
1326,0,1,3,4,2,2,1,3,45,1,5,1,2,0,1,
1327,0,1,3,3,2,2,1,3,46,2,5,1,3,0,2,
1328,0,2,3,4,2,1,1,3,16,1,5,2,8,8,1,
1329,0,1,2,2,2,1,1,3,34,2,5,1,2,0,2,
1330,0,1,2,10,3,1,1,3,16,1,5,2,8,8,1,
1331,0,1,2,10,3,1,1,4,18,1,5,2,8,8,1,
1332,0,1,2,10,3,2,1,3,47,1,5,2,8,8,1,
1333,5,2,3,3,3,1,2,1,67,1,3,1,0,0,2,
1334,5,2,1,2,2,2,2,2,56,1,3,1,1,0,2,
1335,5,2,3,3,3,2,2,3,57,1,5,1,0,0,2,
1336,5,2,2,6,2,2,2,3,34,1,5,1,0,0,1,
1337,5,2,2,5,3,2,2,3,45,1,5,1,1,0,1,
1338,5,2,1,4,2,2,2,3,37,1,5,1,1,0,1,
1339,5,1,1,6,5,1,2,3,22,1,5,1,1,0,2,
1340,1,2,0,4,2,2,1,6,27,1,5,1,0,0,1,
1341,1,1,0,3,3,2,1,4,40,1,5,1,0,0,1,
1342,1,1,0,4,2,2,1,4,41,1,5,1,1,0,2,
1343,1,2,0,5,2,2,1,8,43,1,5,1,1,0,2,
1344,1,1,0,5,2,2,1,8,43,1,5,1,2,0,2,
1345,1,1,0,5,2,2,1,8,32,1,5,1,0,0,2,
1346,1,2,0,7,5,1,1,4,20,1,5,1,3,0,2,
1347,1,1,0,2,2,2,1,4,56,1,5,1,1,0,1,
1348,1,2,0,5,5,2,1,4,20,1,5,1,0,0,2,
1349,1,1,0,2,2,2,1,3,71,1,5,2,8,8,2,
1350,1,2,0,6,5,2,1,3,52,1,5,2,8,8,2,
1351,1,1,0,6,5,2,1,8,24,1,5,1,1,0,2,
1352,1,1,0,3,3,1,1,3,55,1,3,1,1,0,1,
1353,1,2,0,2,1,3,1,2,54,1,1,2,8,8,1,
1354,1,1,0,7,5,1,1,5,18,1,4,2,8,8,2,
1355,1,2,0,7,5,2,1,2,40,1,4,1,0,0,2,
1356,1,2,0,4,2,2,1,7,39,1,5,1,1,0,1,
1357,1,1,4,3,3,2,1,2,55,1,5,1,1,0,2,
1358,1,1,4,8,2,2,1,4,41,1,5,1,7,0,2,
1359,1,2,4,8,2,2,1,6,40,1,5,1,3,0,2,
1360,1,2,4,4,2,2,1,6,44,1,5,2,8,8,1,
1361,1,1,4,2,2,2,1,4,69,1,8,1,0,0,2,
1362,1,1,4,2,2,2,1,4,61,1,8,2,8,8,1,
1363,5,1,0,3,3,2,2,2,67,1,6,1,0,0,2,
1364,5,2,0,4,3,2,2,4,42,2,5,1,0,0,1,
1365,5,2,0,5,2,2,2,4,29,1,5,1,5,0,1,
1366,5,2,0,8,4,3,2,1,41,2,4,1,0,0,2,
1367,5,1,0,2,2,1,2,4,26,2,6,1,0,0,1,
1368,5,2,0,2,2,3,2,2,58,2,5,2,8,8,2,
1369,5,1,0,5,3,1,2,3,19,2,9,1,0,0,1,
1370,5,1,0,3,2,2,2,4,41,1,4,1,0,0,2,
1371,5,2,0,2,2,1,2,8,23,2,4,1,1,0,2,
1372,5,2,0,3,2,2,2,3,40,1,4,1,7,0,2,
1373,5,2,0,5,4,1,2,4,16,1,4,1,0,0,2,
1374,5,1,0,1,1,1,2,1,25,2,3,1,7,2,2,
1375,5,1,0,2,2,2,2,7,34,2,8,1,4,0,1,
1376,5,1,0,4,4,2,2,1,74,2,1,2,8,8,1,
1377,5,2,0,3,3,1,2,3,69,1,5,2,8,8,2,
1378,5,1,0,2,2,3,2,3,69,2,1,1,4,0,2,
1379,5,2,0,3,3,1,2,1,81,1,5,2,8,8,2,
1380,9,2,0,1,1,1,1,7,25,2,3,1,3,0,1,
1381,9,2,0,2,2,2,1,3,63,1,4,2,8,8,2,
1382,9,2,0,2,2,2,1,7,22,2,4,1,1,0,1,
1383,9,2,0,2,2,1,1,7,23,2,2,1,0,0,1,
1384,9,2,0,2,2,3,1,3,78,1,3,2,8,8,2,
1385,9,2,0,3,2,3,1,8,36,2,4,2,8,8,1,
1386,9,2,0,2,2,2,3,3,53,1,6,1,2,0,1,
1387,9,1,0,2,2,2,1,3,59,1,6,2,8,8,1,
1388,9,2,0,1,1,1,1,8,37,2,6,1,1,0,1,
1389,9,1,0,2,2,2,1,2,70,1,4,2,8,8,2,
1390,9,1,0,4,2,2,1,4,28,1,6,1,0,0,1,
1391,9,1,0,3,3,2,1,4,62,1,5,2,8,8,1,
1392,9,2,0,3,2,2,3,8,29,1,7,2,8,8,2,
1393,9,1,0,2,2,1,1,4,58,1,6,1,7,0,1,
1394,9,2,0,8,5,1,1,3,18,2,3,1,4,1,1,
1395,9,2,0,1,1,1,1,6,25,2,5,1,3,0,1,
1396,9,2,0,1,1,1,1,5,30,2,5,2,8,8,1,
1397,9,2,0,1,1,1,1,6,29,2,5,2,8,8,1,
1398,9,1,0,10,10,1,1,3,18,2,3,1,5,3,2,
1399,9,1,0,10,10,1,1,3,19,2,3,1,5,5,1,
1400,9,1,0,10,10,1,1,4,19,2,4,1,4,4,1,
1401,9,2,0,10,10,1,1,3,19,2,4,1,1,0,1,
1402,9,1,0,2,2,3,1,3,56,2,4,1,3,1,1,
1403,9,2,0,2,2,1,1,4,19,2,5,1,3,0,2,
1404,9,1,0,3,3,2,1,6,57,1,5,1,1,0,2,
1405,9,1,0,2,2,3,1,3,68,1,5,2,8,8,1,
1406,9,1,0,2,2,2,1,3,21,2,4,1,1,0,1,
1407,9,2,0,2,2,2,1,3,32,2,5,1,2,0,1,
1408,9,1,0,1,1,1,1,1,45,2,4,2,8,8,2,
1409,9,1,0,1,1,1,1,8,22,2,4,1,2,0,2,
1410,9,2,0,4,2,2,1,8,31,1,7,1,1,0,2,
1411,9,1,0,2,2,2,3,5,29,1,8,1,5,2,1,
1412,9,2,0,4,2,2,1,6,29,1,7,1,2,0,1,
1413,9,1,0,4,2,2,1,8,44,1,8,1,0,0,1,
1414,9,1,0,4,2,2,3,8,35,1,8,1,1,0,1,
1415,9,1,0,5,2,2,3,6,36,1,7,1,3,0,1,
1416,6,2,0,1,1,3,3,4,24,2,4,1,1,0,2,
1417,6,1,0,2,2,1,1,6,19,2,5,1,0,0,1,
1418,6,1,0,2,2,1,1,6,19,2,4,1,0,0,1,
1419,6,2,0,1,1,1,1,3,28,2,3,1,1,0,2,
1420,6,2,0,1,1,1,1,7,48,2,5,1,0,0,1,
1421,6,2,0,3,3,1,1,7,45,2,5,1,2,0,2,
1422,6,1,0,2,2,2,1,8,22,2,5,1,3,0,1,
1423,6,2,0,1,1,3,1,3,72,2,1,1,3,0,1,
1424,6,1,0,2,2,1,1,3,32,2,5,1,7,7,1,
1425,6,1,0,2,2,1,2,7,34,2,7,1,7,4,1,
1426,6,1,0,4,3,2,3,1,44,1,4,1,0,0,1,
1427,6,2,0,1,1,1,3,7,50,2,3,2,8,8,1,
1428,1,1,0,5,3,1,1,3,15,2,2,2,8,8,2,
1429,1,2,0,5,3,1,1,4,20,2,2,1,0,0,2,
1430,1,1,0,2,2,2,1,1,89,1,4,1,1,0,2,
1431,1,2,0,10,2,1,1,3,31,2,2,1,0,0,1,
1432,1,2,0,1,1,3,1,9,65,2,1,2,8,8,1,
1433,1,1,0,1,1,3,1,9,68,2,1,2,8,8,1,
1434,1,2,1,4,2,1,1,3,16,1,3,2,8,8,1,
1435,1,2,1,1,1,1,1,1,58,1,2,1,1,0,2,
1436,1,1,1,5,4,1,1,3,23,1,3,1,1,0,2,
1437,1,2,1,5,4,1,1,4,18,1,3,1,2,0,1,
1438,1,1,3,5,2,2,1,3,31,1,3,1,3,0,1,
1439,1,2,3,2,2,1,1,3,18,1,2,2,8,8,2,
1440,5,1,0,3,3,2,2,1,43,2,5,2,8,8,1,
1441,5,2,0,3,3,2,2,1,40,2,5,2,8,8,1,
1442,5,2,0,3,3,1,2,1,55,1,5,1,1,0,2,
1443,5,2,0,3,2,1,2,3,16,2,5,2,8,8,1,
1444,5,1,0,3,2,2,3,1,29,2,4,1,0,0,2,
1445,5,2,0,5,2,2,2,8,31,2,6,1,2,0,1,
1446,5,1,0,2,2,2,2,1,65,2,1,2,8,8,2,
1447,5,1,0,2,2,3,2,1,63,2,1,1,7,7,2,
1448,5,1,0,3,2,2,2,1,63,2,5,1,0,0,2,
1449,5,2,0,2,2,2,2,1,55,2,4,2,8,8,2,
1450,5,2,0,2,2,1,2,7,29,2,5,1,0,0,2,
1451,5,2,0,1,1,3,2,1,70,2,1,2,8,8,2,
1452,5,1,0,8,4,2,2,2,48,2,6,2,8,8,2,
1453,5,2,0,8,4,1,2,5,17,2,6,1,0,0,2,
1454,5,1,0,6,5,1,2,4,21,1,7,1,3,0,2,
1455,5,1,0,6,5,1,2,4,19,1,7,1,2,0,2,
1456,5,2,0,6,5,1,2,5,17,1,7,1,0,0,2,
1457,5,2,0,4,4,2,2,3,46,1,5,2,8,8,1,
1458,6,1,0,4,2,2,3,1,46,1,3,2,8,8,2,
1459,6,2,0,8,2,1,3,3,17,2,2,1,0,0,2,
1460,6,2,0,7,5,1,3,3,19,2,5,2,8,8,2,
1461,6,2,0,6,6,1,3,3,21,1,4,1,1,0,2,
1462,6,1,0,5,2,2,3,1,31,1,4,1,0,0,2,
1463,6,1,0,7,5,1,1,3,22,1,5,1,5,2,1,
1464,6,1,0,5,5,1,1,3,19,1,5,1,2,0,1,
1465,6,1,0,2,2,2,1,3,38,2,5,1,2,0,2,
1466,6,1,0,5,4,1,1,3,40,1,5,1,7,1,1,
1467,6,1,0,4,3,3,1,8,45,1,5,1,0,0,2,
1468,6,2,0,4,3,3,1,3,42,1,5,1,0,0,1,
1469,6,2,0,1,1,3,1,3,78,1,5,1,0,0,2,
1470,6,2,0,7,4,1,1,3,20,2,4,1,0,0,2,
1471,6,1,0,2,2,2,1,5,23,2,5,1,4,0,1,
1472,6,2,0,4,2,2,1,3,28,2,4,1,0,0,1,
1473,6,2,0,3,3,2,1,1,77,1,5,1,0,0,2,
1474,6,1,0,3,2,2,1,8,32,1,6,1,0,0,2,
1475,6,1,0,3,2,1,1,3,15,1,5,2,8,8,2,
1476,6,2,0,2,2,2,1,3,56,1,5,2,8,8,1,
1477,6,2,0,3,2,2,1,8,28,1,6,1,7,0,1,
1478,6,1,0,4,1,3,1,4,40,2,5,2,8,8,1,
1479,6,1,0,3,2,2,1,4,59,2,4,2,8,8,2,
1480,6,2,4,4,2,2,1,6,36,2,6,2,8,8,1,
1481,6,2,4,1,1,1,1,3,66,1,5,2,8,8,2,
1482,6,1,4,4,2,2,1,4,34,1,5,1,2,0,2,
1483,6,1,4,2,2,2,1,2,66,1,5,2,8,8,1,
1484,6,1,4,5,5,1,1,3,18,2,3,1,0,0,2,
1485,6,2,4,5,5,1,1,4,20,1,3,1,1,0,1,
1486,6,2,4,3,1,3,1,8,35,1,5,2,8,8,1,
1487,6,1,4,5,2,2,1,3,40,1,5,1,7,0,1,
1488,6,1,4,2,2,2,3,8,54,1,8,1,7,0,1,
1489,6,2,4,3,3,2,1,8,62,1,8,2,8,8,2,
1490,6,1,4,3,3,2,1,6,30,1,6,2,8,8,2,
1491,6,1,4,4,3,1,1,3,15,1,5,2,8,8,2,
1492,6,2,1,2,2,2,3,2,55,1,5,1,0,0,2,
1493,6,2,1,3,3,2,1,1,41,1,8,2,8,8,1,
1494,6,2,1,3,3,1,1,4,18,1,8,2,8,8,2,
1495,6,2,3,2,2,2,1,2,54,1,3,2,8,8,1,
1496,6,2,1,2,2,2,3,2,60,1,8,2,8,8,1,
1497,6,2,1,4,2,2,1,3,35,1,8,2,8,8,1,
1498,6,2,1,2,2,2,1,1,60,1,2,2,8,8,1,
1499,0,1,0,7,5,2,3,2,53,1,7,1,7,0,2,
1500,0,1,0,3,2,2,3,3,32,1,5,1,1,0,1,
1501,0,1,0,3,3,1,3,2,18,1,7,1,3,2,2,
1502,0,1,0,5,2,2,3,2,52,1,7,1,7,0,2,
1503,0,1,0,4,2,2,3,6,39,2,4,1,1,0,2,
1504,0,1,0,2,2,2,1,3,71,1,6,1,2,0,2,
1505,0,2,0,1,1,1,1,8,32,2,3,1,3,2,1,
1506,0,2,0,2,2,1,1,5,24,2,2,1,1,0,1,
1507,0,1,0,2,2,1,1,8,28,2,3,1,2,0,1,
1508,0,1,0,3,3,3,1,4,60,2,2,1,0,0,1,
1509,0,2,0,1,1,2,1,5,23,2,3,1,4,0,1,
1510,0,2,0,1,1,3,1,3,86,2,3,2,8,8,2,
1511,0,1,0,1,1,1,1,3,43,2,5,2,8,8,1,
1512,0,2,0,5,2,1,3,4,19,2,5,1,5,0,1,
1513,0,2,0,2,2,2,3,3,28,2,5,1,3,0,2,
1514,0,2,0,2,1,3,3,4,27,2,4,1,0,0,2,
1515,0,2,0,1,1,1,1,7,27,2,3,1,1,0,2,
1516,0,2,0,1,1,1,1,4,23,2,3,1,1,0,1,
1517,0,2,0,2,2,1,1,8,23,2,7,1,0,0,1,
1518,0,2,0,1,1,1,1,8,24,2,8,1,0,0,1,
1519,0,2,0,1,1,3,1,4,80,2,7,2,8,8,2,
1520,0,2,0,4,3,2,1,4,46,1,6,2,8,8,1,
1521,0,2,0,4,4,2,1,3,50,1,6,2,8,8,1,
1522,0,1,0,2,2,2,3,3,76,1,4,1,5,0,2,
1523,0,1,0,3,2,2,3,3,66,1,5,1,1,0,1,
1524,0,1,0,3,3,2,1,3,53,1,6,2,8,8,2,
1525,0,2,0,4,2,2,3,4,32,1,6,2,8,8,2,
1526,0,2,0,4,4,2,3,4,51,1,5,3,9,9,2,
1527,0,1,0,4,4,1,3,3,21,1,5,1,0,0,1,
1528,0,1,0,2,2,2,1,3,56,1,3,1,7,0,2,
1529,0,1,0,2,2,2,1,7,48,1,5,1,2,2,1,
1530,0,1,0,2,2,2,1,4,70,1,3,1,7,0,2,
1531,0,1,0,2,2,2,1,4,82,1,3,1,3,0,1,
1532,0,2,0,2,2,2,3,4,56,1,5,2,8,8,1,
1533,0,2,3,2,1,3,1,4,52,1,5,1,2,0,2,
1534,0,1,3,4,2,1,1,3,17,1,5,2,8,8,1,
1535,0,2,1,5,2,2,1,3,29,1,5,1,3,0,1,
1536,0,2,1,5,2,1,1,3,26,1,5,1,1,0,2,
1537,0,2,1,2,2,2,1,4,22,1,5,1,0,0,1,
1538,0,2,3,4,3,1,1,3,16,1,6,1,0,0,1,
1539,0,2,3,4,4,2,1,4,56,1,5,2,8,8,2,
1540,0,2,4,4,1,1,1,3,17,2,3,2,8,8,2,
1541,0,1,4,3,2,2,1,3,55,1,5,2,8,8,1,
1542,0,2,4,2,2,2,3,2,65,1,6,2,8,8,2,
1543,0,2,4,2,2,3,1,4,52,1,4,1,3,0,1,
1544,0,1,4,2,2,3,1,1,93,1,3,3,9,9,2,
1545,0,2,4,3,3,2,1,3,40,2,2,2,8,8,2,
1546,3,1,0,3,3,1,1,8,24,1,7,1,2,0,2,
1547,3,1,0,3,2,2,1,3,28,2,4,1,2,1,1,
1548,3,1,0,3,2,2,1,8,26,2,4,1,3,0,1,
1549,3,1,0,4,3,2,1,3,51,1,4,1,1,0,1,
1550,3,2,0,4,3,2,1,3,49,1,7,1,0,0,1,
1551,3,2,0,5,5,1,1,3,59,1,3,1,0,0,2,
1552,3,2,0,3,3,2,1,0,72,1,9,1,0,0,1,
1553,3,1,0,4,2,2,1,4,30,1,7,1,1,0,1,
1554,3,1,0,4,3,1,1,3,16,1,8,1,0,0,2,
1555,3,1,0,4,3,2,1,5,57,1,9,2,8,8,2,
1556,3,2,0,4,4,1,1,5,18,1,9,1,1,0,1,
1557,3,2,0,4,3,1,1,3,15,2,6,2,8,8,2,
1558,3,2,0,3,3,1,1,4,22,1,3,1,1,0,1,
1559,3,1,0,2,2,1,1,5,24,1,4,1,2,0,1,
1560,3,1,0,2,2,2,1,1,68,1,4,1,0,0,1,
1561,3,1,0,3,2,2,1,5,33,1,8,1,0,0,1,
1562,3,1,0,5,2,2,1,3,43,1,6,1,0,0,1,
1563,3,1,0,3,3,2,1,0,70,1,5,1,0,0,1,
1564,3,2,4,5,2,2,1,3,35,1,6,1,0,0,1,
1565,3,2,4,4,2,2,1,4,52,1,8,1,7,0,1,
1566,3,2,4,5,2,2,1,4,51,1,8,1,1,0,2,
1567,3,1,4,5,3,2,1,3,51,1,6,1,3,0,1,
1568,3,2,4,3,3,2,1,3,56,1,7,1,0,0,2,
1569,3,2,4,6,2,2,1,4,40,1,7,1,0,0,1,
1570,3,1,4,4,2,2,1,5,26,1,5,1,0,0,1,
1571,3,1,4,2,2,2,1,1,68,1,5,2,8,8,1,
1572,3,2,4,4,2,2,1,2,31,1,5,1,1,0,1,
1573,3,2,4,7,4,2,1,4,39,1,5,2,8,8,1,
1574,3,1,4,5,3,2,1,5,55,1,5,2,8,8,2,
1575,3,2,4,5,2,2,1,3,30,1,5,2,8,8,1,
1576,3,1,1,7,3,1,1,3,15,1,1,2,8,8,1,
1577,3,1,1,7,3,1,1,1,22,1,1,1,6,3,2,
1578,3,2,1,7,3,2,1,2,50,1,1,1,1,0,2,
1579,3,2,1,4,3,2,1,1,72,1,1,2,8,8,1,
1580,3,1,1,1,1,3,1,1,71,1,1,2,8,8,2,
1581,3,1,1,1,1,1,1,1,70,1,1,1,0,0,2,
1582,3,1,1,1,1,3,1,1,69,1,1,1,2,0,2,
1583,3,2,3,5,2,2,1,3,28,1,1,1,0,0,1,
1584,3,1,1,5,5,2,1,3,62,1,4,2,8,8,1,
1585,3,1,3,2,2,2,1,3,76,1,4,1,3,0,1,
1586,3,2,1,3,2,2,1,4,25,1,6,1,2,0,1,
1587,3,2,3,5,5,1,1,8,25,1,8,1,1,0,2,
1588,3,1,1,2,2,2,1,4,56,1,7,1,2,0,1,
1589,3,2,1,5,3,2,1,5,35,1,5,1,0,0,1,
1590,3,2,1,5,2,2,2,2,44,1,2,1,4,0,1,
1591,3,2,1,4,2,3,1,4,45,1,6,2,8,8,2,
1592,3,1,1,5,3,2,1,4,56,1,8,1,3,0,1,
1593,3,2,1,5,3,1,1,3,18,1,8,2,8,8,1,
1594,3,2,1,5,2,2,1,3,35,1,8,1,0,0,1,
1595,3,2,1,3,2,1,2,3,66,1,8,1,0,0,2,
1596,3,1,1,2,2,2,1,3,26,1,6,1,4,0,1,
1597,3,2,3,4,2,2,1,8,31,1,5,1,0,0,1,
1598,3,1,3,8,6,2,1,1,59,1,5,1,4,0,1,
1599,3,1,2,2,2,2,1,8,27,1,8,1,2,0,1,
1600,3,1,1,2,2,2,1,3,74,1,3,1,1,0,1,
1601,3,2,1,1,1,3,1,9,85,2,1,2,8,8,2,
1602,3,1,3,7,2,2,1,1,52,2,1,1,0,0,1,
1603,3,1,3,6,3,1,1,1,18,1,1,1,2,0,1,
1604,7,1,4,4,2,2,1,2,58,1,6,2,8,8,1,
1605,7,1,4,3,2,2,1,3,31,1,6,1,2,0,1,
1606,7,2,4,3,2,2,1,8,28,1,5,2,8,8,2,
1607,7,1,4,5,3,1,1,2,17,1,4,1,0,0,2,
1608,7,2,4,4,3,2,3,2,45,1,6,2,8,8,2,
1609,7,1,4,3,2,2,3,2,32,1,4,2,8,8,1,
1610,8,2,4,3,2,2,1,3,50,1,6,1,0,0,1,
1611,8,1,1,2,2,2,1,3,64,1,5,1,0,0,1,
1612,8,1,4,5,2,2,1,4,26,1,5,1,3,0,1,
1613,8,1,4,3,2,2,1,3,50,1,4,1,2,0,1,
1614,8,1,4,2,2,2,1,1,88,1,4,2,8,8,2,
1615,8,1,4,2,2,2,1,3,21,1,5,1,1,0,2,
1616,8,1,2,3,3,2,1,3,63,1,6,1,1,0,2,
1617,8,2,2,3,3,2,1,4,61,1,6,1,1,0,2,
1618,8,1,3,1,1,1,1,3,28,2,3,1,4,0,2,
1619,8,2,1,4,2,2,3,2,43,2,8,1,1,0,2,
1620,8,1,1,3,1,1,1,3,17,1,7,2,8,8,1,
1621,8,2,1,4,2,2,1,4,27,1,6,1,1,0,1,
1622,8,2,1,1,1,3,1,3,57,1,3,1,2,0,2,
1623,2,1,0,6,2,2,1,7,55,1,4,1,7,0,1,
1624,2,1,0,2,2,1,1,3,57,2,4,2,8,8,1,
1625,2,2,0,2,2,3,1,4,22,1,5,1,2,0,2,
1626,2,1,0,2,2,1,1,8,23,1,6,1,3,0,1,
1627,2,2,0,3,2,1,1,4,21,2,3,1,3,0,1,
1628,2,2,0,2,2,2,1,5,48,1,6,1,2,0,2,
1629,3,2,0,2,2,3,1,4,82,2,8,2,8,8,1,
1630,3,2,0,1,1,3,1,3,70,2,8,2,8,8,2,
1631,3,1,0,2,2,2,1,3,72,2,8,2,8,8,1,
1632,3,1,0,2,2,2,1,1,73,2,8,1,1,0,2,
1633,3,1,0,5,2,2,1,1,34,1,8,1,2,0,2,
1634,3,2,0,1,1,3,1,4,65,2,8,2,8,8,1,
1635,3,1,4,4,2,2,1,3,33,2,7,2,8,8,2,
1636,3,2,4,1,1,3,1,3,70,2,7,2,8,8,2,
1637,3,1,4,2,2,2,3,1,77,2,7,2,8,8,1,
1638,3,2,4,2,2,3,1,4,73,2,6,2,8,8,2,
1639,3,1,4,1,1,3,1,3,71,2,6,2,8,8,1,
1640,3,2,4,1,1,3,1,1,69,2,6,2,8,8,1,
1641,2,1,2,4,2,2,1,6,46,1,5,2,8,8,2,
1642,2,1,2,3,3,1,1,7,21,1,7,1,2,0,2,
1643,2,1,1,1,1,3,1,1,75,1,3,1,2,2,2,
1644,2,1,1,4,3,1,3,6,18,1,6,1,1,0,1,
1645,2,1,1,1,1,3,1,2,60,1,3,2,8,8,1,
1646,2,2,1,3,2,2,1,3,31,1,5,1,1,0,1,
1647,3,2,1,6,4,2,1,3,18,1,8,2,8,8,1,
1648,3,1,1,3,2,2,1,1,40,1,5,1,2,0,1,
1649,3,1,1,2,2,1,1,4,26,1,8,1,5,0,2,
1650,3,2,1,2,2,3,1,3,59,1,6,2,8,8,1,
1651,3,2,1,4,3,2,1,3,54,1,8,1,0,0,1,
1652,3,2,1,8,3,1,1,3,19,1,7,1,1,0,1,
1653,3,1,1,5,2,2,1,3,35,1,7,2,8,8,2,
1654,7,1,0,2,2,2,1,2,25,2,5,1,2,0,1,
1655,7,1,0,1,1,1,1,4,65,2,5,2,8,8,1,
1656,7,1,0,1,1,3,1,4,45,2,5,2,8,8,1,
1657,7,1,0,7,7,1,1,0,20,2,5,2,8,8,2,
1658,7,2,0,1,1,1,1,4,26,2,5,1,1,0,1,
1659,7,1,0,4,2,2,3,5,28,1,5,1,0,0,2,
1660,7,1,0,4,3,2,3,3,52,1,4,1,7,0,2,
1661,7,1,0,2,2,2,3,3,59,1,3,2,8,8,2,
1662,7,1,0,3,3,2,3,3,50,1,2,1,1,0,2,
1663,7,1,0,3,3,1,1,4,18,1,8,1,4,0,1,
1664,7,1,0,3,3,2,1,4,45,1,8,1,2,0,1,
1665,7,2,0,4,3,1,1,3,18,1,2,1,1,0,1,
1666,7,1,0,3,2,2,1,3,34,1,6,1,2,1,1,
1667,7,1,0,6,4,1,1,3,17,1,5,1,0,0,1,
1668,7,1,0,6,4,2,1,4,42,1,5,1,7,0,1,
1669,7,1,0,2,2,2,1,4,48,1,5,1,3,0,2,
1670,7,1,0,2,2,2,3,3,51,1,6,1,1,0,2,
1671,7,1,0,3,3,1,1,3,18,1,6,1,0,0,1,
1672,7,1,0,3,2,3,3,1,84,1,3,2,8,8,2,
1673,7,2,0,2,2,1,3,3,37,1,7,1,1,0,1,
1674,7,1,0,3,2,2,1,3,22,1,1,1,1,0,1,
1675,7,1,0,4,4,1,1,6,26,2,6,1,3,1,2,
1676,7,1,0,2,2,2,3,3,67,1,5,1,1,0,2,
1677,0,2,0,3,2,2,1,3,40,2,3,1,1,0,2,
1678,0,2,0,1,1,1,1,7,71,2,3,1,0,0,2,
1679,0,1,0,2,2,2,1,8,27,2,5,1,2,0,1,
1680,0,1,0,4,3,3,1,4,40,1,4,2,8,8,2,
1681,0,2,0,1,1,1,1,7,22,2,4,1,2,0,1,
1682,0,2,0,1,1,2,1,3,60,2,2,2,8,8,2,
1683,0,2,0,5,2,2,1,5,31,1,5,1,3,0,2,
1684,0,1,0,2,2,2,1,3,66,1,4,2,8,8,1,
1685,0,1,0,1,1,3,1,4,72,1,4,1,4,0,2,
1686,0,1,0,2,2,2,3,4,53,1,5,2,8,8,2,
1687,0,1,0,4,3,1,1,4,18,1,5,2,8,8,1,
1688,0,2,0,2,2,2,1,4,60,1,4,1,7,0,2,
1689,0,2,4,2,2,2,1,2,67,1,3,1,0,0,2,
1690,0,1,4,2,2,2,1,3,67,1,5,1,5,0,2,
1691,0,1,4,2,2,2,1,3,60,1,3,1,0,0,2,
1692,0,1,4,3,3,2,1,1,65,1,2,2,8,8,1,
1693,0,2,4,3,2,2,1,4,38,1,3,1,2,0,1,
1694,0,1,4,1,1,3,1,1,84,1,2,2,8,8,2,
1695,5,1,3,2,2,2,2,1,68,1,5,1,0,0,1,
1696,5,2,1,4,4,3,2,1,56,1,5,1,0,0,2,
1697,5,1,3,7,3,1,2,5,15,1,5,1,0,0,2,
1698,5,1,3,7,3,2,2,1,68,1,5,1,0,0,2,
1699,5,2,1,4,2,2,1,5,28,1,8,1,0,0,2,
1700,5,1,1,2,2,2,2,1,80,1,5,1,7,0,1,
1701,5,2,3,4,2,2,2,3,32,1,9,1,1,0,2,
1702,9,1,0,2,1,2,1,3,26,2,5,1,6,3,1,
1703,9,2,0,3,3,2,1,6,20,2,3,1,1,0,2,
1704,9,1,0,4,3,1,1,5,20,2,3,1,3,1,2,
1705,9,2,0,1,1,3,1,4,79,1,3,2,8,8,2,
1706,9,2,0,2,2,1,1,3,18,2,5,2,8,8,1,
1707,9,2,0,5,3,2,3,3,29,1,5,2,8,8,2,
1708,9,1,0,3,3,1,1,3,73,1,6,2,8,8,2,
1709,9,2,0,3,3,1,1,4,77,1,6,1,0,0,2,
1710,9,2,0,5,2,3,3,4,38,2,5,2,8,8,2,
1711,9,1,0,2,2,1,1,5,66,1,5,2,8,8,2,
1712,9,2,0,4,2,2,1,6,30,2,6,2,8,8,2,
1713,9,1,0,4,3,1,3,5,24,1,6,2,8,8,2,
1714,9,2,0,4,2,2,1,4,36,2,6,1,1,0,1,
1715,9,2,0,1,1,3,1,3,23,1,5,2,8,8,2,
1716,9,1,0,4,2,2,1,8,30,1,6,1,1,0,1,
1717,9,2,0,6,2,2,1,4,34,1,6,1,2,0,1,
1718,9,1,0,5,2,2,1,3,36,1,5,1,1,0,2,
1719,9,2,0,4,2,2,1,8,30,1,7,1,1,0,1,
1720,8,2,0,4,2,2,1,4,34,1,5,1,1,0,1,
1721,8,2,0,5,2,2,2,4,34,1,5,1,1,0,1,
1722,8,2,0,5,2,2,3,4,36,1,5,1,0,0,2,
1723,8,2,0,3,2,2,1,7,29,1,8,1,3,0,1,
1724,8,2,0,4,3,2,1,5,44,1,5,1,3,0,1,
1725,8,1,0,4,3,2,3,3,45,1,5,1,0,0,1,
1726,8,2,0,4,2,2,1,8,29,1,5,1,0,0,1,
1727,6,1,0,2,2,2,3,8,28,2,4,1,5,0,2,
1728,6,1,0,3,2,2,1,4,33,2,5,1,7,0,2,
1729,6,2,0,1,1,1,1,6,20,2,5,1,1,0,1,
1730,6,2,0,4,2,2,1,5,27,2,5,2,8,8,1,
1731,7,2,0,2,2,2,1,3,55,1,7,1,2,0,1,
1732,7,1,0,8,4,1,1,3,20,2,3,1,1,0,1,
1733,7,2,0,8,4,2,3,2,48,2,3,2,8,8,1,
1734,7,1,0,3,2,1,1,3,15,1,4,1,0,0,2,
1735,7,1,0,5,2,2,1,2,45,1,4,2,8,8,1,
1736,7,2,0,5,2,1,1,3,17,1,4,2,8,8,1,
1737,5,1,0,2,2,1,2,3,26,2,7,1,0,0,2,
1738,5,2,0,2,1,1,2,1,26,2,6,1,0,0,1,
1739,5,2,0,2,2,2,2,3,53,1,8,1,2,0,2,
1740,5,2,0,2,2,2,2,1,63,2,7,2,8,8,2,
1741,5,2,3,2,2,2,2,1,54,1,3,1,0,0,1,
1742,5,2,3,3,2,2,2,3,60,1,5,2,8,8,2,
1743,5,2,3,3,2,1,2,3,17,1,5,2,8,8,2,
1744,5,2,3,2,2,3,2,1,60,2,1,1,0,0,2,
1745,5,2,3,2,2,2,2,3,30,2,5,1,0,0,2,
1746,5,2,3,2,2,3,2,1,49,1,3,1,0,0,1,
1747,5,2,3,2,2,1,2,5,17,1,3,2,8,8,2,
1748,4,2,0,2,2,1,1,3,65,1,5,2,8,8,1,
1749,4,2,0,4,1,3,1,3,37,1,5,2,8,8,1,
1750,4,1,0,2,2,2,1,5,52,1,8,1,2,0,2,
1751,4,1,0,5,2,2,1,7,41,2,7,1,1,0,1,
1752,4,2,0,7,3,2,1,3,43,1,7,1,2,0,2,
1753,4,2,0,3,2,2,1,4,22,2,5,1,2,0,1,
1754,4,1,0,4,4,1,1,6,31,1,5,1,7,0,1,
1755,4,2,0,5,4,2,1,1,61,1,5,2,8,8,1,
1756,4,1,0,3,2,2,1,4,31,1,5,1,1,0,1,
1757,4,1,0,5,5,2,1,3,69,1,5,1,4,0,1,
1758,4,2,0,1,1,1,1,3,69,1,3,1,5,0,1,
1759,4,2,0,3,2,2,1,3,31,1,5,2,8,8,1,
1760,4,1,1,1,1,3,1,1,74,1,4,2,8,8,2,
1761,4,2,1,2,2,1,1,1,73,1,4,2,8,8,2,
1762,4,2,1,3,2,2,1,3,22,1,5,1,1,0,2,
1763,4,1,1,3,3,2,1,3,54,1,5,2,8,8,1,
1764,4,2,1,6,2,2,1,1,35,1,5,1,3,0,1,
1765,4,1,1,2,2,2,1,1,67,1,4,2,8,8,2,
1766,4,2,1,4,3,2,1,4,41,1,7,2,8,8,1,
1767,1,1,3,7,4,1,1,1,20,1,2,1,1,0,1,
1768,1,2,1,3,2,2,1,8,30,1,8,1,1,0,1,
1769,1,2,1,6,3,2,1,4,42,1,3,1,0,0,2,
1770,1,2,3,5,2,2,1,3,35,1,7,1,2,0,2,
1771,1,1,1,5,4,2,1,1,68,1,3,2,8,8,1,
1772,1,1,1,6,3,1,1,3,17,1,4,2,8,8,1,
1773,1,2,3,4,2,2,1,2,24,1,1,2,8,8,2,
1774,4,2,0,3,3,2,1,6,65,1,6,1,2,0,1,
1775,4,2,0,1,1,1,1,4,54,2,5,1,1,0,2,
1776,4,2,0,3,2,3,1,3,52,2,4,1,1,0,2,
1777,4,2,0,2,2,2,3,4,55,1,6,1,2,0,2,
1778,4,1,0,4,2,2,1,4,30,1,5,1,3,0,1,
1779,4,2,0,4,2,2,3,5,24,1,6,1,2,0,1,
1780,1,2,4,2,2,2,1,1,69,1,5,2,8,8,2,
1781,1,2,4,7,2,2,1,3,31,1,5,2,8,8,1,
1782,1,2,4,7,2,2,1,4,35,1,3,2,8,8,2,
1783,1,2,4,2,2,2,1,3,45,1,5,2,8,8,2,
1784,6,2,0,4,3,2,3,2,33,1,4,2,8,8,2,
1785,6,2,0,3,2,2,1,2,38,1,5,2,8,8,1,
1786,6,2,0,2,2,2,1,2,67,1,5,2,8,8,1,
1787,6,1,0,2,2,2,1,2,73,1,5,3,9,9,1,
1788,6,1,0,2,2,2,1,8,27,1,6,2,8,8,1,
1789,6,2,0,1,1,3,1,2,68,1,3,2,8,8,2,
1790,6,2,0,1,1,3,1,3,68,1,4,2,8,8,2,
1791,6,2,0,1,1,3,1,7,70,1,4,1,1,0,1,
1792,6,2,0,4,2,2,1,6,33,1,5,2,8,8,2,
1793,6,2,0,1,1,3,1,3,76,1,4,1,0,0,2,
1794,6,2,0,3,3,3,3,2,73,1,3,2,8,8,2,
1795,6,1,0,2,2,2,1,4,23,1,6,1,1,0,1,
1796,6,2,0,5,4,2,1,3,51,1,5,1,1,0,1,
1797,6,1,0,3,2,1,1,3,15,1,4,2,8,8,2,
1798,6,1,0,2,2,1,1,4,35,1,6,1,5,0,1,
1799,6,1,0,4,4,1,1,4,20,1,6,1,1,0,1,
1800,6,1,0,3,3,1,3,7,19,1,7,1,1,0,2,
1801,6,2,0,2,2,2,1,4,58,1,4,1,1,0,2,
1802,6,2,2,7,2,2,1,3,35,1,4,1,2,0,1,
1803,6,1,1,2,1,1,1,3,15,1,1,3,9,9,1,
1804,6,1,1,2,1,3,1,3,40,1,1,1,4,0,2,
1805,6,1,1,2,2,2,1,3,78,1,4,1,2,0,1,
1806,6,1,2,5,2,2,1,4,39,1,4,1,3,0,1,
1807,6,2,2,5,2,2,1,4,32,1,4,1,3,0,2,
1808,6,2,2,2,2,2,1,4,42,1,4,1,1,0,1,
1809,6,1,1,4,2,2,3,4,43,1,6,1,7,0,2,
1810,6,1,1,2,2,2,1,4,57,1,5,1,7,0,2,
1811,6,2,1,3,2,2,1,7,34,1,5,1,0,0,2,
1812,6,1,1,2,2,2,1,8,30,1,5,1,3,0,2,
1813,6,1,1,4,4,1,1,7,23,2,6,1,2,0,2,
1814,6,1,1,4,4,1,1,7,22,1,6,1,5,0,1,
1815,8,2,1,3,2,2,1,6,24,2,5,1,1,0,2,
1816,8,2,1,2,2,2,1,3,51,1,6,1,0,0,1,
1817,8,1,1,3,2,2,1,3,63,1,5,1,0,0,2,
1818,8,2,0,1,1,2,1,3,56,1,1,1,7,0,1,
1819,8,1,0,5,2,1,1,3,17,2,3,1,0,0,1,
1820,8,1,0,2,2,2,1,3,73,1,3,1,0,0,2,
1821,9,1,0,2,2,1,1,6,24,2,5,1,7,1,1,
1822,9,1,0,4,2,1,1,3,17,2,4,1,0,0,2,
1823,9,1,0,1,1,1,3,6,37,1,5,1,7,0,1,
1824,9,1,0,4,4,1,1,6,22,2,5,1,4,2,2,
1825,9,2,0,5,2,3,1,3,27,2,4,1,0,0,2,
1826,9,2,0,4,3,2,1,4,48,2,5,2,8,8,1,
1827,8,2,1,3,2,2,1,8,29,1,3,1,0,0,1,
1828,8,2,1,5,3,1,1,3,24,1,5,2,8,8,1,
1829,8,2,1,2,2,2,1,3,57,1,3,1,1,0,2,
1830,8,2,1,3,2,2,1,6,45,1,5,1,1,0,1,
1831,8,1,1,5,2,2,2,3,39,1,5,2,8,8,1,
1832,8,2,1,4,2,2,1,3,34,1,8,1,0,0,2,
1833,8,2,1,3,2,2,1,8,40,1,5,1,2,0,1,
1834,8,1,1,1,1,1,3,2,63,1,4,1,2,0,1,
1835,8,2,1,4,2,2,2,4,32,1,7,1,1,0,1,
1836,8,2,1,2,2,2,3,3,57,1,5,1,2,0,1,
1837,8,2,1,3,1,3,1,3,33,2,3,1,1,0,1,
1838,8,2,1,3,2,2,1,3,36,1,5,3,9,9,2,
1839,8,2,1,3,2,1,1,3,16,1,5,2,8,8,2,
1840,8,1,1,1,1,3,3,3,67,1,4,1,4,0,1,
1841,6,2,0,8,2,2,1,3,36,1,5,2,8,8,2,
1842,6,2,0,4,2,2,3,2,45,1,5,1,7,0,2,
1843,6,1,0,4,2,1,1,4,18,1,5,1,3,0,2,
1844,6,2,0,2,2,2,1,3,66,1,5,1,0,0,1,
1845,6,1,0,4,2,2,3,2,25,1,5,1,1,0,2,
1846,6,1,0,3,2,2,3,2,30,1,5,1,0,0,2,
1847,6,1,0,2,2,2,1,3,59,1,3,2,8,8,2,
1848,6,2,0,5,3,2,3,2,50,1,2,1,3,0,2,
1849,6,2,0,2,2,2,1,2,56,1,5,1,1,0,1,
1850,6,1,0,2,2,2,1,2,58,1,5,2,8,8,1,
1851,6,2,0,4,2,2,1,5,23,1,5,1,1,0,1,
1852,6,2,0,2,2,2,1,3,45,1,5,1,7,0,1,
1853,6,2,0,3,3,1,1,7,23,2,5,1,1,0,2,
1854,6,2,0,3,3,1,1,7,20,2,5,1,0,0,2,
1855,6,2,0,1,1,1,1,4,30,1,5,1,1,0,2,
1856,6,1,0,3,3,2,1,3,58,1,5,1,0,0,2,
1857,6,2,0,3,3,2,1,2,55,1,5,1,0,0,2,
1858,6,1,0,1,1,1,2,3,26,2,3,1,7,0,2,
1859,6,2,0,1,1,1,1,3,25,2,3,1,7,0,2,
1860,6,2,0,2,2,1,1,4,25,2,3,1,3,0,2,
1861,6,1,0,3,3,2,1,3,61,1,3,1,0,0,2,
1862,6,2,0,3,2,2,1,3,46,1,3,1,0,0,2,
1863,6,1,0,7,3,2,1,8,39,1,5,2,8,8,2,
1864,6,2,0,7,3,1,1,3,16,1,5,2,8,8,2,
1865,6,1,0,4,2,2,1,3,65,1,5,1,1,0,1,
1866,6,2,0,4,2,2,1,4,60,1,5,2,8,8,2,
1867,6,2,0,4,2,1,1,3,17,1,5,2,8,8,2,
1868,6,1,0,5,3,2,1,8,53,2,5,2,8,8,1,
1869,6,1,0,2,2,2,3,1,59,1,5,1,7,0,2,
1870,6,2,0,2,2,2,1,8,67,1,5,2,8,8,2,
1871,6,1,0,3,2,2,1,8,33,1,5,1,0,0,1,
1872,6,2,0,5,2,2,3,7,38,1,5,1,1,0,2,
1873,6,1,0,4,2,2,3,1,34,1,5,1,3,0,2,
1874,6,1,1,3,2,2,1,4,66,1,8,2,8,8,2,
1875,6,2,1,3,2,1,1,3,17,1,5,2,8,8,2,
1876,6,2,1,3,2,2,1,3,45,1,3,1,1,0,1,
1877,6,1,1,2,2,2,1,5,57,1,5,1,0,0,2,
1878,6,2,1,4,2,2,1,3,46,1,5,2,8,8,2,
1879,6,2,1,3,2,2,1,3,28,2,3,2,8,8,2,
1880,3,1,3,3,2,2,1,7,28,2,1,1,2,0,1,
1881,3,1,3,3,3,1,1,4,20,1,1,1,1,0,1,
1882,3,2,3,3,3,2,1,3,52,1,1,2,8,8,1,
1883,3,2,1,4,2,2,1,3,29,1,1,1,0,0,1,
1884,3,1,1,8,4,2,1,3,48,1,1,1,1,0,1,
1885,3,2,1,8,4,1,1,3,18,1,1,2,8,8,1,
1886,3,1,3,2,2,2,1,3,64,1,1,1,7,0,1,
1887,9,2,4,5,2,2,1,4,38,1,6,2,8,8,1,
1888,9,2,4,5,2,1,1,3,17,1,6,1,0,0,1,
1889,9,1,4,3,2,2,1,4,30,1,6,1,1,0,1,
1890,9,1,4,2,2,2,1,4,33,1,4,2,8,8,1,
1891,9,2,4,4,3,2,1,3,41,1,4,2,8,8,1,
1892,9,1,4,5,2,2,1,3,29,1,4,2,8,8,1,
1893,8,1,1,2,2,2,3,1,71,1,5,2,8,8,2,
1894,8,1,1,2,2,2,3,2,61,1,6,2,8,8,1,
1895,8,2,1,2,2,2,1,4,51,1,6,2,8,8,1,
1896,8,2,1,3,2,2,3,4,28,2,6,1,1,0,2,
1897,8,2,1,4,2,2,3,4,25,1,5,1,0,0,1,
1898,8,1,1,2,2,2,3,1,77,1,6,2,8,8,2,
1899,8,1,1,2,2,2,1,1,59,1,6,2,8,8,1,
1900,4,2,4,2,2,2,2,4,70,1,8,1,0,0,2,
1901,4,2,4,6,4,2,1,4,64,1,5,1,1,0,2,
1902,4,1,4,3,2,2,1,8,36,1,6,1,1,0,1,
1903,4,2,4,2,2,2,1,4,63,1,5,2,8,8,1,
1904,4,2,4,2,2,2,1,4,61,1,5,1,1,0,1,
1905,4,1,4,2,2,2,1,1,65,1,3,1,0,0,2,
1906,6,1,0,5,5,1,1,8,22,1,8,1,2,0,1,
1907,6,1,0,3,3,3,3,2,60,1,5,1,5,0,1,
1908,6,1,0,1,1,3,1,4,31,2,2,1,0,0,1,
1909,1,2,0,4,2,2,1,4,37,1,5,1,2,0,2,
1910,1,2,0,2,2,1,1,7,22,2,5,1,1,0,1,
1911,1,2,0,3,3,2,1,3,63,1,5,1,1,0,1,
1912,1,1,0,3,1,3,1,3,43,2,5,1,1,0,1,
1913,1,1,0,4,2,2,1,4,38,1,5,2,8,8,1,
1914,1,1,0,5,2,2,1,5,44,1,5,1,2,0,1,
1915,1,2,0,2,2,2,1,3,34,2,5,1,1,0,2,
1916,1,2,0,3,2,2,1,6,28,1,5,1,2,0,1,
1917,1,2,0,3,2,2,1,3,31,2,5,1,1,0,1,
1918,1,2,0,2,1,3,1,6,38,2,5,2,8,8,1,
1919,1,2,0,2,2,2,1,6,26,1,5,2,8,8,2,
1920,1,2,0,5,2,1,1,3,17,2,5,1,0,0,1,
1921,1,2,3,6,2,2,3,8,42,1,6,2,8,8,2,
1922,1,1,1,6,2,2,1,4,45,1,5,1,1,0,1,
1923,1,1,1,5,2,2,1,1,39,1,5,1,0,0,2,
1924,1,1,3,4,2,2,1,4,37,1,7,1,1,1,1,
1925,1,1,3,2,2,2,1,1,48,1,5,1,0,0,2,
1926,1,1,3,3,2,2,1,4,22,1,3,1,1,0,1,
1927,1,2,3,4,2,2,1,6,25,1,4,1,0,0,1,
1928,6,2,1,6,2,2,1,3,31,2,6,1,0,0,1,
1929,6,1,1,2,2,2,1,3,40,2,4,2,8,8,1,
1930,6,1,1,3,3,2,1,3,69,1,4,2,8,8,2,
1931,6,1,1,3,3,1,1,3,19,2,4,1,1,0,2,
1932,6,2,1,2,2,2,1,8,24,2,4,1,2,0,1,
1933,6,1,1,2,2,1,1,8,26,2,4,1,2,0,2,
1934,8,2,0,3,2,2,1,3,21,2,2,1,1,0,2,
1935,8,2,0,5,2,2,2,4,24,2,3,2,8,8,2,
1936,8,2,0,2,1,3,3,3,59,2,1,2,8,8,2,
1937,8,2,0,3,1,3,1,3,28,2,1,2,8,8,2,
1938,8,2,0,3,1,3,1,3,23,2,1,1,2,0,1,
1939,8,2,0,5,2,2,3,4,30,2,2,2,8,8,2,
1940,8,2,4,4,2,2,1,3,42,1,3,1,3,0,2,
1941,8,2,4,3,2,2,1,3,47,1,3,1,1,0,1,
1942,8,2,4,5,2,2,1,8,27,2,3,1,1,1,1,
1943,8,2,4,3,2,2,1,3,22,2,3,1,1,0,2,
1944,8,2,4,2,2,2,1,3,58,1,4,1,6,0,1,
1945,8,2,4,2,2,2,1,3,52,1,4,2,8,8,2,
1946,5,1,0,4,2,2,2,3,33,2,6,1,3,0,1,
1947,5,1,0,4,3,1,2,8,23,1,7,2,8,8,1,
1948,5,2,0,3,3,1,2,7,40,1,5,1,0,0,1,
1949,5,1,0,4,2,2,2,8,32,1,9,1,5,2,1,
1950,5,2,0,6,2,2,2,1,40,2,2,3,9,9,2,
1951,5,1,0,4,4,1,2,5,20,2,5,1,4,1,1,
1952,4,2,3,2,2,2,1,3,65,1,6,2,8,8,2,
1953,4,2,3,2,2,2,1,3,65,1,6,2,8,8,2,
1954,4,2,1,2,2,2,1,4,22,1,6,2,8,8,2,
1955,4,2,1,2,1,3,1,6,27,2,6,1,3,0,1,
1956,4,2,3,3,2,1,1,3,16,1,6,1,0,0,1,
1957,4,2,1,2,2,2,1,4,19,2,6,1,0,0,1,
1958,6,2,0,4,2,2,1,6,33,1,5,1,1,0,1,
1959,6,2,0,5,2,2,1,6,38,1,6,1,0,0,2,
1960,6,2,0,4,2,2,1,6,39,1,5,1,1,0,2,
1961,6,2,0,5,2,1,1,6,20,1,5,1,0,0,1,
1962,6,2,0,3,3,2,3,4,48,1,6,1,0,0,2,
1963,6,2,0,3,2,2,1,6,49,1,4,1,1,0,1,
1964,6,2,0,5,5,1,1,7,21,1,7,1,2,0,2,
1965,6,2,0,6,2,2,1,3,38,1,5,1,0,0,2,
1966,6,2,0,2,2,1,1,4,50,1,4,1,1,0,1,
1967,6,2,0,1,1,3,1,6,69,1,4,1,1,0,2,
1968,6,2,0,4,2,2,1,4,40,1,5,1,0,0,2,
1969,6,2,0,4,2,2,1,2,57,1,7,1,2,0,2,
1970,6,2,0,3,2,2,3,2,29,1,7,1,1,0,2,
1971,6,2,0,8,6,2,1,3,48,1,6,1,3,0,1,
1972,6,2,0,5,2,2,1,5,34,1,6,1,1,0,1,
1973,6,2,0,3,3,1,1,3,56,1,6,1,0,0,2,
1974,6,1,0,2,2,2,1,2,72,1,3,2,8,8,1,
1975,6,2,2,2,2,2,1,4,56,1,6,2,8,8,2,
1976,6,2,1,4,3,2,1,2,51,1,6,2,8,8,2,
1977,6,1,1,2,2,2,2,3,27,1,4,1,0,0,1,
1978,6,2,2,5,2,2,2,3,38,1,6,1,1,0,1,
1979,6,2,2,4,2,2,3,2,43,1,5,1,0,0,2,
1980,6,2,2,2,2,2,3,1,59,1,4,3,9,9,1,
1981,6,2,2,6,2,2,1,4,32,1,5,1,1,0,2,
1982,6,2,4,2,2,2,1,4,64,1,4,2,8,8,1,
1983,6,2,4,7,3,2,1,4,39,1,5,1,1,0,2,
1984,6,2,4,6,2,2,1,4,34,1,4,2,8,8,2,
1985,6,2,4,2,2,2,1,2,50,1,4,1,0,0,2,
1986,6,2,4,8,3,2,3,2,46,1,5,1,0,0,2,
1987,6,2,4,2,2,2,1,4,20,1,5,1,0,0,2,
1988,9,2,3,3,2,2,1,3,22,2,6,2,8,8,1,
1989,9,1,2,5,3,2,1,3,53,1,5,1,0,0,1,
1990,9,1,2,5,2,1,1,3,16,1,7,1,0,0,1,
1991,9,2,2,5,2,2,1,3,35,1,7,1,2,0,1,
1992,9,1,2,4,3,2,1,8,55,1,5,1,0,0,1,
1993,9,2,2,4,3,2,1,5,53,1,5,1,0,0,1,
1994,9,2,2,4,3,1,1,3,16,1,5,1,0,0,1,
1995,6,2,0,5,2,2,1,8,48,1,9,1,2,0,1,
1996,6,2,0,5,4,2,3,8,40,1,9,1,0,0,2,
1997,6,1,0,5,4,1,1,8,28,1,7,1,0,0,1,
1998,9,1,1,10,2,2,1,3,38,1,3,1,0,0,2,
1999,9,2,1,10,2,1,1,1,15,1,3,2,8,8,2,
2000,9,2,1,4,2,2,1,3,34,1,5,2,8,8,2,
2001,9,1,1,3,2,1,3,6,27,1,5,1,6,0,2,
2002,9,1,1,3,2,2,3,3,38,1,6,1,7,0,1,
2003,9,2,1,3,2,2,1,4,35,1,6,1,0,0,1,
2004,9,2,1,2,2,2,1,4,32,1,6,1,1,0,1,
2005,4,2,4,4,2,2,2,6,28,1,5,1,1,0,1,
2006,4,2,4,6,3,1,2,7,20,1,4,2,8,8,1,
2007,4,2,4,6,3,1,1,3,17,1,4,2,8,8,1,
2008,4,2,4,4,2,2,2,3,32,1,3,1,1,0,2,
2009,4,1,4,4,2,2,2,4,25,1,2,1,0,0,2,
2010,4,1,4,2,2,2,2,6,46,1,4,1,1,0,2,
2011,6,1,0,2,2,2,1,7,34,1,7,1,1,0,1,
2012,6,2,0,4,3,2,3,7,34,2,8,2,8,8,1,
2013,6,2,0,2,2,3,3,3,55,1,3,2,8,8,1,
2014,6,1,0,3,2,2,1,7,32,1,5,1,2,0,1,
2015,6,1,0,4,4,2,1,4,61,1,3,2,8,8,1,
2016,6,2,0,2,2,2,1,4,60,2,6,1,7,0,1,
2017,6,2,0,1,1,3,1,5,68,2,5,1,7,0,2,
2018,6,1,0,1,1,3,1,8,38,2,6,1,7,0,2,
2019,6,2,0,1,1,3,1,3,74,2,4,1,1,0,2,
2020,6,2,0,1,1,3,1,3,75,2,5,1,3,0,2,
2021,6,1,0,2,2,2,1,3,71,2,5,1,7,0,1,
2022,9,1,2,5,2,2,1,4,34,2,1,1,1,0,2,
2023,9,2,2,5,2,2,1,5,30,2,1,2,8,8,2,
2024,9,2,2,4,2,2,1,5,29,1,1,1,0,0,1,
2025,9,2,3,4,2,2,3,5,25,2,6,2,8,8,2,
2026,9,1,2,4,2,2,3,5,49,1,6,2,8,8,2,
2027,9,2,2,4,2,2,3,7,47,1,6,2,8,8,2,
2028,9,1,1,1,1,1,2,5,22,1,6,2,8,8,1,
2029,9,2,4,4,2,2,1,2,50,1,5,1,1,0,2,
2030,9,2,4,4,2,2,1,8,27,2,5,1,1,0,1,
2031,9,1,4,4,2,2,1,4,26,2,5,1,2,0,2,
2032,9,2,4,2,2,2,1,4,68,1,1,2,8,8,2,
2033,9,2,4,2,2,2,3,1,66,1,1,2,8,8,1,
2034,9,1,4,2,2,2,1,3,71,1,1,2,8,8,1,
2035,6,1,0,3,3,1,3,7,21,1,5,1,2,0,1,
2036,6,1,0,4,2,2,3,8,35,1,7,1,1,0,1,
2037,6,1,0,3,3,2,3,2,65,1,5,2,8,8,2,
2038,6,1,0,2,2,2,1,8,29,1,8,1,4,0,2,
2039,6,2,0,4,2,2,3,3,51,1,6,1,1,0,1,
2040,6,2,2,3,2,2,1,4,37,1,5,2,8,8,2,
2041,6,1,2,2,2,2,1,3,53,1,5,2,8,8,1,
2042,6,2,2,2,2,2,1,3,50,1,5,2,8,8,1,
2043,6,2,2,3,2,2,1,3,42,1,5,2,8,8,2,
2044,6,1,1,2,2,2,1,3,54,1,5,1,1,0,1,
2045,6,1,2,4,2,2,1,3,44,1,5,1,1,0,2,
2046,6,2,2,3,3,1,1,3,18,1,5,2,8,8,2,
2047,9,2,2,4,2,2,1,3,24,1,4,1,0,0,1,
2048,9,1,2,5,3,1,1,4,22,1,5,1,2,0,1,
2049,9,2,2,3,2,2,1,3,43,1,4,1,1,0,1,
2050,9,1,2,1,1,3,1,1,85,1,3,2,8,8,2,
2051,9,2,4,4,2,1,1,5,38,1,8,2,8,8,1,
2052,9,2,4,3,2,2,1,3,36,1,4,1,1,0,2,
2053,9,2,4,5,3,2,1,8,39,1,5,1,0,0,1,
2054,9,2,4,4,3,2,1,1,39,1,3,1,0,0,1,
2055,9,1,4,4,3,1,1,6,18,1,5,1,2,0,2,
2056,9,2,4,2,2,2,1,8,50,1,5,1,1,0,1,
